Sequence	Rank
ATTGAAGAGAGACAGTACATGCCCTGGGAG	0.99010989010989
TGGTGGAGCCCACCGAGTACCTGGTGGTGC	0.982417582417583
ACCATAGAGTGGTGGAATGACCTGTGGCTG	0.975824175824176
AGCGGTTCATGATGTCCCGCACGGTGGTGG	0.975824175824176
CAGCTGGCTTACCAAGTTCCAGGTGGGCTC	0.972527472527472
GTGGAATGACCTGTGGCTGAACGAGGGCTT	0.97032967032967
AAGAGAGACAGTACATGCCCTGGGAGGCCG	0.969230769230769
GGGAACCTGGTGACCATAGAGTGGTGGAAT	0.969230769230769
GTGAACTACGACGAAGAGAACTGGAGGAAG	0.968131868131868
ATGATGTGTACCGCGTGATGGCAGTGGATG	0.968131868131868
TCCAGCGGTTCATGATGTCCCGCACGGTGG	0.967032967032967
TTCATGGCCGGCTCATCGAAGCATGGGAAG	0.967032967032967
ATGAGATGGACAGCGAGTTCGAGGGGGAGT	0.964835164835165
TGGTGAAGGACAGCCAGTATGAGATGGACA	0.961538461538462
GCCAGTGCATCCACTGCCATCACGCGGTAC	0.956043956043956
GAGGGGTGGCAGACACTCACCGAGTGGTCT	0.952747252747253
TCTTCAGCACATCAGGCAATGAGTGGGTCC	0.948351648351648
TCAACATCACGCTTATCCACCCCAAGGACC	0.943956043956044
TTGAAGAGAGACAGTACATGCCCTGGGAGG	0.943956043956044
TCCATCCAACTCCCCACCACCGTGCGGGAC	0.940659340659341
GTCATCACGGTGGATACCAGCACGGGGACC	0.937362637362637
TGATGACCGGGAAGCCCATCTGCAGGGTCC	0.937362637362637
AGACTCAGCTGCAGAGAGACCACTCGGTGA	0.936263736263736
TCTCCTCACACTCTGGAACTCCGTTGGAGC	0.932967032967033
CACACCAGGATCCACCCCAACCTGCGGTCC	0.931868131868132
TGAAGTAGCTCAGGCTGCTCAGGGCGGCCT	0.92967032967033
GAGGTGCACCACCAGGTACTCGGTGGGCTC	0.928571428571429
TCAAGCTCATGTTTGACCGCTCCGAGGTCT	0.923076923076923
GGTCATCACGGTGGATACCAGCACGGGGAC	0.921978021978022
CCATCCAACTCCCCACCACCGTGCGGGACA	0.915384615384615
TCTCATACTGGCTGTCCTTCACCAGGGAGC	0.914285714285714
CTCTTCAGCACATCAGGCAATGAGTGGGTC	0.906593406593407
GGGAAGCCCATCTGCAGGGTCCAGCGGTTC	0.904395604395604
ACCGCGTGATGGCAGTGGATGCACTGGCCT	0.904395604395604
ATGATCTGTGCCCGATTGATGACAGGGATG	0.902197802197802
AGTCAGCACCCAGGTACTCCACGTAGGAGG	0.902197802197802
CGGTCATCACGGTGGATACCAGCACGGGGA	0.901098901098901
GTGGGCTCCGCATAGTCAGCACCCAGGTAC	0.898901098901099
TGCACCTCAAGGGCTCCCTGGTGAAGGACA	0.898901098901099
CCGTCTACTGCAACGCTATCGCCCAGGGCG	0.894505494505495
GATCTCCGAGGCGGGTGTGGACAGCGGGTG	0.893406593406593
CTACGTGGAGAAGCAGGCATCCAATGGTGT	0.886813186813187
CCGAGGCGGGTGTGGACAGCGGGTGGGAGG	0.886813186813187
CAGCTCAGTCTTGTCAATGTCGGGGGGCTG	0.884615384615385
CTCCGTTGGAGCAGGCGGTGCTGATGGCAT	0.879120879120879
ACCACCTTGGACCAAAGTAAAGCGTGGAAT	0.875824175824176
TGTGCCCATCACATCCATCAGAGATGGCAG	0.875824175824176
CAGTTCTCTTCGTCGTAGTTCACCCGGTAA	0.874725274725275
GGATGCTCTCCAGCTTCCTGTCCGAGGACG	0.872527472527472
GCACCGTCCGTTTCACCTGCAAGGAGGCCA	0.872527472527472
TGCAGTAGACGGTGGACCGCAGGTTGGGGT	0.871428571428571
GTGATGACCGGGAAGCCCATCTGCAGGGTC	0.869230769230769
AGCATCCTGAGGACTGAGGCGCCCTGGGGT	0.862637362637363
ACTCTGGAACTCCGTTGGAGCAGGCGGTGC	0.859340659340659
GTGTTGTTCAGCGCCAGAGTGACAGGGACC	0.858241758241758
ACCCGGTAATAGCCCGTCACATTGAGGTTC	0.848351648351648
AGATGGGCTTCCCGGTCATCACGGTGGATA	0.845054945054945
AGGACGTATTCAAGCAGGGCCTGGCGGTGA	0.845054945054945
GCAAGTACGTGGACATCTTGGGCGTGGTGT	0.841758241758242
TCGCACTGTCAGTGGTGTACTCCCAGGAGA	0.841758241758242
AAGCTCAACTACACCCTCAGCCAGGGGCAC	0.840659340659341
ACCATGCACCTCCGTACCTTCATGGGGCCA	0.840659340659341
GTGCTGGTATCCACCGTGATGACCGGGAAG	0.840659340659341
CAGCACCCAGGTACTCCACGTAGGAGGCGA	0.830769230769231
TGAACGAGGGCTTCGCCTCCTACGTGGAGT	0.830769230769231
CAACGCCGGCGCCATGGAGAACTGGGGACT	0.82967032967033
ACTGTCTCTCTTCAATCAGGAAGAGGGTGT	0.827472527472527
GGGCCGGCGTGTTGATCTCCGAGGCGGGTG	0.827472527472527
TTCATGGGGCCATAGACCTCGGAGCGGTCA	0.821978021978022
GTGAGGTACGGTCTCAGCGTCACCCGGTAG	0.820879120879121
CGTAGTCGAACTCACTGACAATGAAGGCCA	0.81978021978022
TGACAATGAAGGCCAGCAAGTACGTGGACA	0.815384615384615
TGGAACTCAGTGACATTCCAGTTGGGGTCT	0.815384615384615
TACTGCAACGCTATCGCCCAGGGCGGGGAG	0.810989010989011
TCTGGGCCGGCGTGTTGATCTCCGAGGCGG	0.80989010989011
TGGCCGGCTCATCGAAGCATGGGAAGGACT	0.80989010989011
GATTGGCCTGCCAGACTTCAACGCCGGCGC	0.806593406593407
CCCTGCTTGAATACGTCCTCGGACAGGAAG	0.801098901098901
GCTTGAAGTAGCTCAGGCTGCTCAGGGCGG	0.796703296703297
TTGGACAGGGCTGTCAGGTCCTTGGGGTGG	0.794505494505495
GGGCCCGGCCCAGTGCCATTGCGGCGGGCC	0.794505494505495
CATAATCGCCGTGGCCCGCCGCAATGGCAC	0.794505494505495
GTCACGTTCAGGGCATAATCGCCGTGGCCC	0.793406593406593
GACAGGGCTGTCAGGTCCTTGGGGTGGATA	0.793406593406593
CGGGTGAACTACGACGAAGAGAACTGGAGG	0.791208791208791
ACGGAGTTCCAGAGTGTGAGGAGATGGTCT	0.784615384615385
TGCTGTGGATGATGATGACGTCAGTGGCCT	0.782417582417582
AGGTCACCAGTCCCCAGTTCTCCATGGCGC	0.779120879120879
GCGTTGCAGTAGACGGTGGACCGCAGGTTG	0.779120879120879
GGGCGATAGCGTTGCAGTAGACGGTGGACC	0.776923076923077
GTGCCCATAAGGTCCCTGTCACTCTGGCGC	0.774725274725275
CACACTCTGGAACTCCGTTGGAGCAGGCGG	0.772527472527472
CCTCCCCACCATCACCATGGCCAAGGGCTT	0.771428571428571
ATCTCATACTGGCTGTCCTTCACCAGGGAG	0.77032967032967
CATCTGCAGCCTGCATCTGTGTAGTGGCCA	0.769230769230769
CCAGTCCCCAGTTCTCCATGGCGCCGGCGT	0.769230769230769
TGACCAGCAAAGAAGTTAAGGATGGGGCCC	0.769230769230769
GGCCGGCGTGTTGATCTCCGAGGCGGGTGT	0.765934065934066
GTGTTCTGGTAGGCAAAGGTGTGGAGGTAG	0.762637362637363
TGCAGATGGGCTTCCCGGTCATCACGGTGG	0.759340659340659
AAACGTACAGGCCCCTGTCATTGGGGGTGA	0.757142857142857
TCAGAAATAATACCAACAACTGGAGGGAGA	0.750549450549451
CCAGGCCCTGCTTGAATACGTCCTCGGACA	0.750549450549451
TCTGTGCCCGATTGATGACAGGGATGGCCT	0.749450549450549
GTCTGCCATCTCTGATGGATGTGATGGGCA	0.747252747252747
GATGTTGAACTCGGCCTTCATGGCCGGCTC	0.742857142857143
GCTTCTACCGCAGCGAGTACATGGAGGGCA	0.737362637362638
GGTTCAGGTAGATGGTGTTCTGGTAGGCAA	0.736263736263736
ATGTCCCGCACGGTGGTGGGGAGTTGGATG	0.734065934065934
TGAACCTGTGGGACCACCTGCAGGAGGTCA	0.732967032967033
GGCATGTACTGTCTCTCTTCAATCAGGAAG	0.726373626373626
CACCTTTGGGAAGCATGTTGGACAGGGCTG	0.721978021978022
CCGACATTGACAAGACTGAGCTGGTGGAGC	0.720879120879121
TGCTGAATGATGTGTACCGCGTGATGGCAG	0.71978021978022
TGTTTGACGCCATCTCCTACAGCAAGGTGC	0.718681318681319
ATGACCAGCAAAGAAGTTAAGGATGGGGCC	0.715384615384615
GAATCGGGTTTCAGCGTGTTGGGGAGGCGG	0.714285714285714
CGGCGATTATGCCCTGAACGTGACGGGCCC	0.70989010989011
CCTCCAGCAGCAACAAGGAGCGGGTGGTCA	0.708791208791209
TGGACAGCGAGTTCGAGGGGGAGTTGGCAG	0.708791208791209
GGTGGATAAGCGTGATGTTGAACTCGGCCT	0.704395604395604
TACTGTCTCTCTTCAATCAGGAAGAGGGTG	0.704395604395604
ACCGTACCTCACCCCCAATGACAGGGGCCT	0.703296703296703
GGTTCATGATGTCCCGCACGGTGGTGGGGA	0.703296703296703
GTGAGTTCGACTACGTGGAGAAGCAGGCAT	0.7
GTCACCCCTGGGGCAGGTACAGCGAGGTTA	0.698901098901099
GCCACAGGTCATTCCACCACTCTATGGTCA	0.698901098901099
AGATCATTAATGACGCCTTCAACCTGGCCA	0.697802197802198
TTGTTGCTGCTGGAGGAGGACAGGGGGTCG	0.696703296703297
CACCCGCCTCGGAGATCAACACGCCGGCCC	0.695604395604396
GTACCTTCATGGGGCCATAGACCTCGGAGC	0.694505494505494
CCCACTCACCTTTGGGAAGCATGTTGGACA	0.691208791208791
ATCTCCGAGGCGGGTGTGGACAGCGGGTGG	0.687912087912088
GATGGCAGACAGCAGCAGGACTACTGGCTG	0.685714285714286
AGTGACAGGGACCTTATGGGCACTGGGAAT	0.685714285714286
AATGACCAGCAAAGAAGTTAAGGATGGGGC	0.684615384615385
AGGGTGTAGTTGAGCTTCTTGCTGTGGATG	0.684615384615385
GTCAAACAGCTCACTGATCTGGGCCGGCGT	0.683516483516484
ACACGCTGAAACCCGATTCCTACCGGGTGA	0.681318681318681
GAGTGACAGGGACCTTATGGGCACTGGGAA	0.681318681318681
GTATTATTTCTGAAGTGAATGAAGAGGGGT	0.68021978021978
TGAGGTGCACCACCAGGTACTCGGTGGGCT	0.678021978021978
CTTCATGGCCGGCTCATCGAAGCATGGGAA	0.678021978021978
GGGACTTGGAAATATAGAAGCCCTTGGCCA	0.678021978021978
CTGATGTGCTGAAGAGATCGTTCTGGGCTG	0.675824175824176
AGCCCTGTCCAACATGCTTCCCAAAGGTGA	0.673626373626374
GGCTGGGAGCCTCCCACACCACGCAGGACC	0.672527472527473
GGGTCCTGCTGAACCTCAATGTGACGGGCT	0.672527472527473
GAGGCGAAGCCCTCGTTCAGCCACAGGTCA	0.672527472527473
CCTTGTTGCTGCTGGAGGAGGACAGGGGGT	0.67032967032967
CTACTGCAACGCTATCGCCCAGGGCGGGGA	0.67032967032967
TAGACGGTGGACCGCAGGTTGGGGTGGATC	0.669230769230769
ATTGTGCACACGGCTGCCACGCCCAGGAGG	0.662637362637363
TCGGGTTTCAGCGTGTTGGGGAGGCGGTAA	0.659340659340659
GTTCATGATGTCCCGCACGGTGGTGGGGAG	0.659340659340659
TTCGGGAACCTGGTGACCATAGAGTGGTGG	0.657142857142857
CCCCGAGATGGGGGTCTACCTGGTGGGCCA	0.657142857142857
ATTATTTCTGAAGTGAATGAAGAGGGGTGT	0.656043956043956
CCCAGCCTCATACCAAGACACCATTGGATG	0.652747252747253
ACTATGCGGAGCCCACCTGGAACTTGGTAA	0.64945054945055
ACTACACCCTCAGCCAGGGGCACAGGGTGG	0.642857142857143
CGAACAGCAGGGAGTTCTCCCGGTAGGTCA	0.641758241758242
CCATCTGCTCACTTGAATTCTGAGGGGCGG	0.638461538461538
GCGTGTTGATCTCCGAGGCGGGTGTGGACA	0.638461538461538
TCATTCCACCACTCTATGGTCACCAGGTTC	0.637362637362637
TCCCCGAGATGGGGGTCTACCTGGTGGGCC	0.635164835164835
GGTACGGTCTCAGCGTCACCCGGTAGGAAT	0.634065934065934
TGGCTGCTACTGACCTCCTGCAGGTGGTCC	0.626373626373626
TAGGAATCGGGTTTCAGCGTGTTGGGGAGG	0.621978021978022
CAAGGAGGAAGTGCTCCTGGGAAAGGGTCC	0.61978021978022
CGGTACACATCATTCAGCACCATGAGGTCT	0.617582417582418
CTTCTACCGCAGCGAGTACATGGAGGGCAA	0.616483516483517
ACACCCTCAGCCAGGGGCACAGGGTGGTCC	0.616483516483517
AGGAGGACAGGGGGTCGAACAGCAGGGAGT	0.616483516483517
CCCCCGACATTGACAAGACTGAGCTGGTGG	0.616483516483517
TCCAGTTGGGGTCTTCTGGAAGTGGGGTGC	0.613186813186813
TCTGGTAGGCAAAGGTGTGGAGGTAGGACT	0.60989010989011
GAGGAGCGGGCTGCACCTTGCTGTAGGAGA	0.606593406593407
TGCCAGACTTCAACGCCGGCGCCATGGAGA	0.603296703296703
GCACAGGGTGGTCCTGCGTGGTGTGGGAGG	0.601098901098901
CCAGCACCGTCCGTTTCACCTGCAAGGAGG	0.596703296703297
TGGAAATATAGAAGCCCTTGGCCATGGTGA	0.595604395604396
GCCCAGGGTGCAGTACTCACCGCCAGGCCC	0.594505494505494
TGATGACGTCAGTGGCCTCCTTGCAGGTGA	0.591208791208791
GCATCCTGAGGACTGAGGCGCCCTGGGGTG	0.586813186813187
GCGGACGGGGTGGTGGAGGCCACGGGGGAG	0.583516483516484
ACCGTGCGGGACATCATGAACCGCTGGACC	0.583516483516484
ACCTCAATGTGACGGGCTATTACCGGGTGA	0.582417582417583
CAGGGTGGTCCTGCGTGGTGTGGGAGGCTC	0.582417582417583
GAAGCTCAACTACACCCTCAGCCAGGGGCA	0.579120879120879
AACTACACCCTCAGCCAGGGGCACAGGGTG	0.569230769230769
TTCAGAAATAATACCAACAACTGGAGGGAG	0.568131868131868
GCTCCGAGGTCTATGGCCCCATGAAGGTAC	0.564835164835165
GGACCACCCTGTGCCCCTGGCTGAGGGTGT	0.564835164835165
CATGCTTCGATGAGCCGGCCATGAAGGCCG	0.564835164835165
GCAGCTGGCTTACCAAGTTCCAGGTGGGCT	0.562637362637363
TGGAGTACCTGGGTGCTGACTATGCGGAGC	0.556043956043956
TTCCCCAGAACTACCTGAAGAAGCAGGTCA	0.553846153846154
ATACCAGCACGGGGACCCTTTCCCAGGAGC	0.553846153846154
GTATGAGATGGACAGCGAGTTCGAGGGGGA	0.552747252747253
GGTGGAATGACCTGTGGCTGAACGAGGGCT	0.552747252747253
CCCGCACGGTGGTGGGGAGTTGGATGGACC	0.550549450549451
AGCTTGAAGTAGCTCAGGCTGCTCAGGGCG	0.546153846153846
ACATTGCCCTCCATGTACTCGCTGCGGTAG	0.545054945054945
GTGCACACGGCTGCCACGCCCAGGAGGATC	0.540659340659341
TGCCATCAGCACCGCCTGCTCCAACGGAGT	0.540659340659341
TCATTGTCAGTGAGTTCGACTACGTGGAGA	0.535164835164835
CCGAGTACCTGGTGGTGCACCTCAAGGGCT	0.535164835164835
AGGGAGCCCTTGAGGTGCACCACCAGGTAC	0.527472527472527
CTTGTTGCTGCTGGAGGAGGACAGGGGGTC	0.525274725274725
AAAACGTACAGGCCCCTGTCATTGGGGGTG	0.525274725274725
CTGCTCACTTGAATTCTGAGGGGCGGGTAA	0.525274725274725
GCTCCAACGGAGTTCCAGAGTGTGAGGAGA	0.523076923076923
CGGGGTCAAGGAGGAAGTGCTCCTGGGAAA	0.521978021978022
TCTGGGCCCGGCCCAGTGCCATTGCGGCGG	0.520879120879121
CCAGGAGGATCCCCAGGATGCCCAGGGACT	0.518681318681319
AGGCGGGTGTGGACAGCGGGTGGGAGGAGG	0.517582417582418
ATGGTGTTCTGGTAGGCAAAGGTGTGGAGG	0.517582417582418
CGGGCTTCTACCGCAGCGAGTACATGGAGG	0.514285714285714
TCATGAACCGCTGGACCCTGCAGATGGGCT	0.514285714285714
CCGAGGACGTATTCAAGCAGGGCCTGGCGG	0.508791208791209
GGGCTTCTATATTTCCAAGTCCCTGGGCAT	0.507692307692308
AGAACTGGGGACTGGTGACCTACCGGGAGA	0.506593406593407
ACCTGAACCTGTGGGACCACCTGCAGGAGG	0.504395604395605
TCATAATGACCAGCAAAGAAGTTAAGGATG	0.504395604395605
AGGGGGAGTTGGCAGATGACCTGGCGGGCT	0.502197802197802
CCACCAGCTCAGTCTTGTCAATGTCGGGGG	0.502197802197802
GAGGGGCGGGTAACATTGGAATCGGGGTCA	0.501098901098901
TGGGGAATTTGCAGAAAGACCTCATGGTGC	0.497802197802198
TGGCCTCCTTGCAGGTGAAACGGACGGTGC	0.496703296703297
ACAAGAACGCCAACAGCTCCCCCGTGGCCT	0.494505494505495
GTAACATTGGAATCGGGGTCAAGGAGGAAG	0.494505494505495
CCTGCTGCTGTCTGCCATCTCTGATGGATG	0.494505494505495
GGGTCGAACAGCAGGGAGTTCTCCCGGTAG	0.49010989010989
GGGGGAGTTGGCAGATGACCTGGCGGGCTT	0.484615384615385
TCCTCCTCCAGCAGCAACAAGGAGCGGGTG	0.481318681318681
ACGGTGGTGGGGAGTTGGATGGACCGGTTG	0.48021978021978
AGACCGTACCTCACCCCCAATGACAGGGGC	0.478021978021978
TGGCCCGCCGCAATGGCACTGGGCCGGGCC	0.478021978021978
AGCTGGTGGAGCCCACCGAGTACCTGGTGG	0.476923076923077
TGGCGTCAAACAGCTCACTGATCTGGGCCG	0.476923076923077
AGAACACCATCTACCTGAACCTGTGGGACC	0.476923076923077
CTGTCCTTCACCAGGGAGCCCTTGAGGTGC	0.475824175824176
GGAGACACTCACGGGTTATTATTGGGGTTC	0.475824175824176
CCTTGAGGTGCACCACCAGGTACTCGGTGG	0.474725274725275
GGTCCTGCTGAACCTCAATGTGACGGGCTA	0.472527472527472
GGACTACTGGCTGATAGATGTAAGAGGTAA	0.471428571428571
CCAGGGGCACAGGGTGGTCCTGCGTGGTGT	0.47032967032967
CGGGTGTGGACAGCGGGTGGGAGGAGGCCA	0.469230769230769
GGGTGGTGGCCACTACACAGATGCAGGCTG	0.468131868131868
CCACGCAGGACCACCCTGTGCCCCTGGCTG	0.468131868131868
TGGTGGAGGCCACGGGGGAGCTGTTGGCGT	0.463736263736264
TCTCAGCGTCACCCGGTAGGAATCGGGTTT	0.46043956043956
CCCACCCGCTGTCCACACCCGCCTCGGAGA	0.458241758241758
TCTGCTCACTTGAATTCTGAGGGGCGGGTA	0.454945054945055
CCCAGGAGGATCCCCAGGATGCCCAGGGAC	0.452747252747253
TATGAGATGGACAGCGAGTTCGAGGGGGAG	0.451648351648352
GGAGCACTCACCTGGCCAGGTTGAAGGCGT	0.45054945054945
GCAGTAGACGGTGGACCGCAGGTTGGGGTG	0.447252747252747
TGGTCCAAGGTGGTGGCCGAGGCGGGGTTG	0.443956043956044
GCGTGATGTTGAACTCGGCCTTCATGGCCG	0.443956043956044
CAGTAGACGGTGGACCGCAGGTTGGGGTGG	0.440659340659341
ACCAGCTCAGTCTTGTCAATGTCGGGGGGC	0.43956043956044
GGCTGGCTGCTACTGACCTCCTGCAGGTGG	0.438461538461539
GAGAACTGGGGACTGGTGACCTACCGGGAG	0.437362637362637
CGGACGGGGTGGTGGAGGCCACGGGGGAGC	0.430769230769231
CCATCAGAGATGGCAGACAGCAGCAGGACT	0.42967032967033
GCCAGAGACCATCTCCTCACACTCTGGAAC	0.428571428571429
TTCCAGTTGGGGTCTTCTGGAAGTGGGGTG	0.427472527472528
TCAAGGAGGAAGTGCTCCTGGGAAAGGGTC	0.427472527472528
CTTCGCCTCCTACGTGGAGTACCTGGGTGC	0.426373626373626
CCCTGTCCTCCTCCAGCAGCAACAAGGAGC	0.420879120879121
GCCCCTGTCATTGGGGGTGAGGTACGGTCT	0.418681318681319
AGGACCACCCTGTGCCCCTGGCTGAGGGTG	0.418681318681319
TCCGAGGCGGGTGTGGACAGCGGGTGGGAG	0.415384615384615
CAGAACACCATCTACCTGAACCTGTGGGAC	0.414285714285714
TCGAGGGGGAGTTGGCAGATGACCTGGCGG	0.414285714285714
AATGATCTGTGCCCGATTGATGACAGGGAT	0.414285714285714
TAGCCCGTCACATTGAGGTTCAGCAGGACC	0.410989010989011
TGGACCGCAGGTTGGGGTGGATCCTGGTGT	0.407692307692308
GACCGTACCTCACCCCCAATGACAGGGGCC	0.402197802197802
GTGGAACTCAGTGACATTCCAGTTGGGGTC	0.401098901098901
TTCATGATGTCCCGCACGGTGGTGGGGAGT	0.398901098901099
TACTCGCTGCGGTAGAAGCCCGCCAGGTCA	0.39010989010989
CCTCCTCCAGCAGCAACAAGGAGCGGGTGG	0.387912087912088
ACGCTTTACTTTGGTCCAAGGTGGTGGCCG	0.386813186813187
GGCGGACGGGGTGGTGGAGGCCACGGGGGA	0.386813186813187
CACTTCAGAAATAATACCAACAACTGGAGG	0.379120879120879
AGTATGAGATGGACAGCGAGTTCGAGGGGG	0.378021978021978
AGGGCTTCTATATTTCCAAGTCCCTGGGCA	0.375824175824176
ATTCCAGTTGGGGTCTTCTGGAAGTGGGGT	0.373626373626374
GGTAGATGGTGTTCTGGTAGGCAAAGGTGT	0.367032967032967
TCATCGAAGCATGGGAAGGACTTCCGGGCA	0.367032967032967
ATTTCCAAGTCCCTGGGCATCCTGGGGATC	0.365934065934066
GGCCAGCAAGTACGTGGACATCTTGGGCGT	0.362637362637363
CATGAACCGCTGGACCCTGCAGATGGGCTT	0.361538461538462
AGGCGGGGTTGGTGGTGGCTGAGGCGGACG	0.36043956043956
TAAGGATGGGGCCCGTCACGTTCAGGGCAT	0.359340659340659
GCTCCTGGGAAAGGGTCCCCGTGCTGGTAT	0.356043956043956
GCTGCCACGCCCAGGAGGATCCCCAGGATG	0.354945054945055
GATTCCACGCTTTACTTTGGTCCAAGGTGG	0.354945054945055
TCGAACTCGCTGTCCATCTCATACTGGCTG	0.353846153846154
TACGTGGACATCTTGGGCGTGGTGTGGAAC	0.353846153846154
TGGGCAGCTGGCTTACCAAGTTCCAGGTGG	0.347252747252747
AGAAGCAGGCATCCAATGGTGTCTTGGTAT	0.345054945054945
GGTGCTGACTATGCGGAGCCCACCTGGAAC	0.345054945054945
CGGGCTGCACCTTGCTGTAGGAGATGGCGT	0.342857142857143
TTTCTGGGATCTCCCTCCAGTTGTTGGTAT	0.341758241758242
TGGTGGTGGCTGAGGCGGACGGGGTGGTGG	0.336263736263736
TGTGCACAATCATCGCACTGTCAGTGGTGT	0.335164835164835
CCCATCTGCTCACTTGAATTCTGAGGGGCG	0.331868131868132
GGTAGGAATCGGGTTTCAGCGTGTTGGGGA	0.327472527472527
AACCTCAATGTGACGGGCTATTACCGGGTG	0.326373626373626
CGCCGTGGCCCGCCGCAATGGCACTGGGCC	0.326373626373626
CGTGCTGGTATCCACCGTGATGACCGGGAA	0.324175824175824
CTCCATGGCGCCGGCGTTGAAGTCTGGCAG	0.323076923076923
CTACCATGCACCTCCGTACCTTCATGGGGC	0.321978021978022
AAGTCTGGCAGGCCAATCTGGTCTGGGGAG	0.321978021978022
TATTATTTCTGAAGTGAATGAAGAGGGGTG	0.31978021978022
GCCGTGGCCCGCCGCAATGGCACTGGGCCG	0.31978021978022
AGTCCTTCCCATGCTTCGATGAGCCGGCCA	0.317582417582418
CGAGTACCTGGTGGTGCACCTCAAGGGCTC	0.315384615384615
ACACAGATGCAGGCTGCAGATGCCCGGAAG	0.313186813186813
GGTTGGTGGTGGCTGAGGCGGACGGGGTGG	0.310989010989011
CTGAGGGGCGGGTAACATTGGAATCGGGGT	0.308791208791209
TGATTGCTCATGAGCTGGCCCACCAGGTAG	0.308791208791209
TGGTGGCCGAGGCGGGGTTGGTGGTGGCTG	0.305494505494506
GTTGGACAGGGCTGTCAGGTCCTTGGGGTG	0.302197802197802
TTTGGTCCAAGGTGGTGGCCGAGGCGGGGT	0.302197802197802
GGGGTTGGTGGTGGCTGAGGCGGACGGGGT	0.302197802197802
CACCAGCTCAGTCTTGTCAATGTCGGGGGG	0.301098901098901
GTCTCAGCGTCACCCGGTAGGAATCGGGTT	0.3
TGTTGGCGTTCTTGTTCTTCTCCTGGGAGT	0.298901098901099
TTCAACGCCGGCGCCATGGAGAACTGGGGA	0.297802197802198
CTGACAGTGCGATGATTGTGCACACGGCTG	0.296703296703297
CCTGATGTGCTGAAGAGATCGTTCTGGGCT	0.296703296703297
CCTGTCCGAGGACGTATTCAAGCAGGGCCT	0.291208791208791
CCTCACACCTTGCAGATCCGGATCTGGGCC	0.29010989010989
CACAGGTTCAGGTAGATGGTGTTCTGGTAG	0.28021978021978
TAAAAACGTACAGGCCCCTGTCATTGGGGG	0.276923076923077
CTCACACCTTGCAGATCCGGATCTGGGCCC	0.274725274725275
GGGGTCTTCTGGAAGTGGGGTGCTGGGACC	0.273626373626374
TCGGGGTCAAGGAGGAAGTGCTCCTGGGAA	0.272527472527472
GGAAGCATGTTGGACAGGGCTGTCAGGTCC	0.262637362637363
TTCTGGAAGTGGGGTGCTGGGACCTGGGCA	0.262637362637363
CCTGGGCATCCTGGGGATCCTCCTGGGCGT	0.261538461538461
CCGGCGCCATGGAGAACTGGGGACTGGTGA	0.261538461538461
GAAGTCTGGCAGGCCAATCTGGTCTGGGGA	0.261538461538461
AACCTTCCTGTTGGGGCAGGGTGGTGGCCA	0.254945054945055
CCAAGGTGGTGGCCGAGGCGGGGTTGGTGG	0.253846153846154
TCCACGCTTTACTTTGGTCCAAGGTGGTGG	0.252747252747253
TGAGGGGCGGGTAACATTGGAATCGGGGTC	0.252747252747253
CTCCACCCACAGGCTGTGAACAACCGGTCC	0.252747252747253
GACAGGAAGCTGGAGAGCATCCTGAGGACT	0.23956043956044
AGGCCAGCAAGTACGTGGACATCTTGGGCG	0.238461538461538
AGCGCCAGAGTGACAGGGACCTTATGGGCA	0.236263736263736
TGGCTGAGGCGGACGGGGTGGTGGAGGCCA	0.22967032967033
CGCAGGCAGGGCCCACTCACCTTTGGGAAG	0.227472527472528
TGGCATCGCCTCCCCAGACCAGATTGGCCT	0.225274725274725
AGAAGCTCAACTACACCCTCAGCCAGGGGC	0.221978021978022
TGGTGGTGCACCTCAAGGGCTCCCTGGTGA	0.212087912087912
CCAGCTCAGTCTTGTCAATGTCGGGGGGCT	0.210989010989011
TGGTGGCTGAGGCGGACGGGGTGGTGGAGG	0.207692307692308
GGTGGTCCCACAGGTTCAGGTAGATGGTGT	0.207692307692308
GTGACCTGCTTCTTCAGGTAGTTCTGGGGA	0.206593406593407
GGTGTTGTTCAGCGCCAGAGTGACAGGGAC	0.205494505494505
AAAAACGTACAGGCCCCTGTCATTGGGGGT	0.202197802197802
ACGCTATCGCCCAGGGCGGGGAGGAGGAGT	0.198901098901099
GCAACGCTATCGCCCAGGGCGGGGAGGAGG	0.196703296703297
GTAGGAATCGGGTTTCAGCGTGTTGGGGAG	0.196703296703297
GGCACAGGGTGGTCCTGCGTGGTGTGGGAG	0.194505494505494
CGGGTAACATTGGAATCGGGGTCAAGGAGG	0.186813186813187
TTAAGGATGGGGCCCGTCACGTTCAGGGCA	0.185714285714286
CTCTGTTTATTCCCAGTGCCCATAAGGTCC	0.18021978021978
GCGTTGAAGTCTGGCAGGCCAATCTGGTCT	0.18021978021978
GGGTTCTCCATCCACTGCTTGAAAAGGCCA	0.179120879120879
GAGGAGGACAGGGGGTCGAACAGCAGGGAG	0.179120879120879
TCCTGTCCGAGGACGTATTCAAGCAGGGCC	0.178021978021978
TCAACGCCGGCGCCATGGAGAACTGGGGAC	0.174725274725275
GGAGGGAGATCCCAGAAAACCTGATGGACC	0.171428571428571
TCCTGCAGGTGGTCCCACAGGTTCAGGTAG	0.17032967032967
TGGGGTCTTCTGGAAGTGGGGTGCTGGGAC	0.17032967032967
CCACCCGCTCCTTGTTGCTGCTGGAGGAGG	0.158241758241758
CCGAGGCGGGGTTGGTGGTGGCTGAGGCGG	0.156043956043956
CAGGCTGCTCAGGGCGGCCTCCCAGGGCAT	0.156043956043956
CATCGAAGCATGGGAAGGACTTCCGGGCAT	0.156043956043956
CTGTTGGCGTTCTTGTTCTTCTCCTGGGAG	0.152747252747253
CGGTAACGATTCCACGCTTTACTTTGGTCC	0.148351648351648
TGAATTCTGAGGGGCGGGTAACATTGGAAT	0.146153846153846
AGGTGGTGGCCGAGGCGGGGTTGGTGGTGG	0.140659340659341
ATGGCACTGGGCCGGGCCCAGATCCGGATC	0.140659340659341
CCTTGCAGGTGAAACGGACGGTGCTGGAGC	0.138461538461538
GCGCCAGAGTGACAGGGACCTTATGGGCAC	0.131868131868132
CCAACCCCGCCTCGGCCACCACCTTGGACC	0.12967032967033
AACACGCTGAAACCCGATTCCTACCGGGTG	0.126373626373626
CCACCCCAGGGCGCCTCAGTCCTCAGGATG	0.126373626373626
ATGGCGTCAAACAGCTCACTGATCTGGGCC	0.125274725274725
CCCCATCTGCTCACTTGAATTCTGAGGGGC	0.124175824175824
GGATCCCCAGGATGCCCAGGGACTTGGAAA	0.123076923076923
TCAGTGGCCTCCTTGCAGGTGAAACGGACG	0.121978021978022
AGGCGGACGGGGTGGTGGAGGCCACGGGGG	0.121978021978022
CACACCCTACCCACTCCCAAAATCAGGTGA	0.121978021978022
CAGTCTTGTCAATGTCGGGGGGCTGGGAGC	0.121978021978022
GGGCCCCATCCTTAACTTCTTTGCTGGTCA	0.120879120879121
CATGTTTGACCGCTCCGAGGTCTATGGCCC	0.11978021978022
TACTTTGGTCCAAGGTGGTGGCCGAGGCGG	0.116483516483517
ATGGCGCCGGCGTTGAAGTCTGGCAGGCCA	0.115384615384615
TGACCTGCTTCTTCAGGTAGTTCTGGGGAA	0.113186813186813
TCCTTGTTGCTGCTGGAGGAGGACAGGGGG	0.112087912087912
TCTAGGCCATCCCTGTCATCAATCGGGCAC	0.108791208791209
AGCTGGAGAGCATCCTGAGGACTGAGGCGC	0.106593406593407
ATATTTCCAAGTCCCTGGGCATCCTGGGGA	0.106593406593407
TGAATACGTCCTCGGACAGGAAGCTGGAGA	0.105494505494506
TTGGTCCAAGGTGGTGGCCGAGGCGGGGTT	0.105494505494506
TGTTGGACAGGGCTGTCAGGTCCTTGGGGT	0.105494505494505
AGAGCTCCCACTCACTGGTCCATCAGGTTT	0.103296703296703
GGGTTGGTGGTGGCTGAGGCGGACGGGGTG	0.102197802197802
GCTTCGCCTCCTACGTGGAGTACCTGGGTG	0.102197802197802
TCACCTTTGGGAAGCATGTTGGACAGGGCT	0.101098901098901
CCCGCTCCTTGTTGCTGCTGGAGGAGGACA	0.095604395604396
CCTCAGCCACCACCAACCCCGCCTCGGCCA	0.094505494505495
TACCATGCACCTCCGTACCTTCATGGGGCC	0.092307692307692
TGGTCACTGTGATTGCTCATGAGCTGGCCC	0.089010989010989
GGCCCGGCCCAGTGCCATTGCGGCGGGCCA	0.087912087912088
CTGACCTCCTGCAGGTGGTCCCACAGGTTC	0.086813186813187
CGTCTACTGCAACGCTATCGCCCAGGGCGG	0.082417582417582
TGGATCTTTAATTGCAGCTACGTGTGGATT	0.076923076923077
CCAGAACGATCTCTTCAGCACATCAGGCAA	0.075824175824176
TGACCCCTCCCCCCACAGTGGTTCGGGAAC	0.074725274725275
TGACCACCCGCTCCTTGTTGCTGCTGGAGG	0.072527472527473
GGGAGACACTCACGGGTTATTATTGGGGTT	0.069230769230769
CTGACCCCTCCCCCCACAGTGGTTCGGGAA	0.068131868131868
TACAGGCCCCTGTCATTGGGGGTGAGGTAC	0.063736263736264
AGTGACATTCCAGTTGGGGTCTTCTGGAAG	0.062637362637363
CAAGGACCCCCACTCACCTGATTTTGGGAG	0.061538461538462
ATTAATGACGCCTTCAACCTGGCCAGGTGA	0.060439560439561
GCATCCTGGGGATCCTCCTGGGCGTGGCAG	0.056043956043956
ACCCCACTTCCAGAAGACCCCAACTGGAAT	0.054945054945055
TCAGTCTTGTCAATGTCGGGGGGCTGGGAG	0.052747252747253
AAGAGGGGTGTGACCTGCTTCTTCAGGTAG	0.048351648351648
ACTGCAACGCTATCGCCCAGGGCGGGGAGG	0.047252747252747
AGGCAGCGGAGCACTCACCTGGCCAGGTTG	0.046153846153846
TATTTCCAAGTCCCTGGGCATCCTGGGGAT	0.045054945054945
GGCCCGCCGCAATGGCACTGGGCCGGGCCC	0.043956043956044
TCTGGAAGTGGGGTGCTGGGACCTGGGCAG	0.042857142857143
TCCAGAGTGTGAGGAGATGGTCTCTGGCCT	0.038461538461539
TTCTAGGCCATCCCTGTCATCAATCGGGCA	0.036263736263736
GCTGGACCCTGCAGATGGGCTTCCCGGTCA	0.035164835164835
GGGGAGACACTCACGGGTTATTATTGGGGT	0.030769230769231
CCCTGGGCATCCTGGGGATCCTCCTGGGCG	0.027472527472528
CCTGGGCGATAGCGTTGCAGTAGACGGTGG	0.024175824175824
GTGCTGGAGCCCTTAAAAACGTACAGGCCC	0.023076923076923
ACGGCGATTATGCCCTGAACGTGACGGGCC	0.021978021978022
GCCCAGTGCCATTGCGGCGGGCCACGGCGA	0.018681318681319
TCAGGCTGCTCAGGGCGGCCTCCCAGGGCA	0.012087912087912
ACCGCGCGTCCTACGGAGAGGCTCAGGCCG	0.996323529411765
GTCCACGTGGATGAAGGCGCCGCGGGGCAC	0.99264705882353
GGGGGCCCCTTCACGAGGTCGCGGTGGTGG	0.988970588235294
GCCCGCCCCGGCCGAACACGTCCACGGTCA	0.985294117647059
TGGTGGCATGGGTGGTGAGCCACTGGGACG	0.981684981684982
GGCACCAAGGCTCGTCCCAGAAGGAGGTGA	0.981617647058823
CTCTTCAACTGGACGCTCTCCTACCGGGCG	0.974264705882353
CGAGGTCGCGGTGGTGGAAAAGCACGGCCT	0.970588235294118
GCCCCTGTTTCCTGGACAGTGGCGGGGCCA	0.966911764705882
CATCCAAACCCAGCGCTGGCCCGGGGGCCT	0.963235294117647
ACCAACTGAGCCAACATGTGACCGTGGACG	0.959558823529412
CAACTACGAGCGCTTTGTGCCCCGCGGCGC	0.955882352941176
TCGTCCACGTGGATGAAGGCGCCGCGGGGC	0.952205882352941
TAGCTCCGGCGCCAGTGGAAGTAGCGGCGA	0.948529411764706
GAGGCACTTGGGAAGTCGTCCACGTGGATG	0.944852941176471
ACGGTCACATGTTGGCTCAGTTGGTGGTAG	0.941176470588235
GCCCCGCCACTGTCCAGGAAACAGGGGCTG	0.9375
GCCTGAGCCTCTCCGTAGGACGCGCGGTCG	0.933823529411765
TCTTCAACTGGACGCTCTCCTACCGGGCGG	0.93014705882353
GGGGCCTGGGGCTGGAGGTCGCCAGGGCTT	0.926470588235294
TACTTGCCAGGCTTCGCAGCCCCGGGGAGT	0.922794117647059
CACCAGCCCCTGTTTCCTGGACAGTGGCGG	0.919117647058823
CGGTAGGAGAGCGTCCAGTTGAAGAGGTTA	0.915441176470588
GAGGTGATGTGGACAGCGTAGCTCCGGCGC	0.911764705882353
GAGCCTCTCCGTAGGACGCGCGGTCGGTGA	0.908088235294118
TAGGACGCGCGGTCGGTGAGCAGGCGGCAG	0.904411764705882
TCGGGGGGCCCCTTCACGAGGTCGCGGTGG	0.900735294117647
TCACCGACCGCGCGTCCTACGGAGAGGCTC	0.897058823529412
GGCCCCGCCACTGTCCAGGAAACAGGGGCT	0.893382352941176
CTCCCACCACAGCAGCACGCCCACCGGTCG	0.889705882352941
GGCACAAAGACGTCCGAGTCCGCCCGGTAG	0.886029411764706
TATCGCCGCTACTTCCACTGGCGCCGGAGC	0.882352941176471
TGTGACCGTGGACGTGTTCGGCCGGGGCGG	0.878676470588235
ACGACTTCCCAAGTGCCTCCTCCCTGGCCT	0.875
AAAGCACGGCCTGAGCCTCTCCGTAGGACG	0.871323529411765
TGCGGTCGAGGAAAAGCAGGTACGAGGCCA	0.86764705882353
CGCCACTGTCCAGGAAACAGGGGCTGGTGG	0.863970588235294
AGTGGCGGGGCCAGGCCTGAGGGCGGGTCG	0.860294117647059
CAGCCCCTGTTTCCTGGACAGTGGCGGGGC	0.856617647058824
ACCCGGGCCTGGCGCTCGTCCCAGTGGCTC	0.852941176470588
GGCAGTGTGCGCCTGGATGCCCCAGGGCGG	0.849264705882353
GACCGGTGGGCGTGCTGCTGTGGTGGGAGC	0.845588235294118
GGCTTCGCAGCCCCGGGGAGTGCGAGGGCG	0.841911764705882
GTCGCCAACCCCGTCGCGACCGGTGGGCGT	0.838235294117647
TTTTCCACCACCGCGACCTCGTGAAGGGGC	0.834558823529412
TGCTGCTGTGGTGGGAGCCCTTCGGGGGGC	0.830882352941176
GCCCCGAGGCCGCCCCCTGACTGCCGGCTG	0.827205882352941
TTCGAGTCGCCCTCGCACTCCCCGGGGCTG	0.823529411764706
CTCAGTTGGTGGTAGTAGCGGACCCGGGCC	0.819852941176471
GCGGGGTTGCGGTCGAGGAAAAGCAGGTAC	0.816176470588235
GCCACTGGGACGAGCGCCAGGCCCGGGTCC	0.8125
AGGCCCCCGGGCCAGCGCTGGGTTTGGATG	0.808823529411765
GCTTCGCAGCCCCGGGGAGTGCGAGGGCGA	0.80514705882353
AACTTGTAGCGGGCCACTGTGTGCAGGAGC	0.801470588235294
CGTCGCCAACCCCGTCGCGACCGGTGGGCG	0.797794117647059
ACGCTGTCCACATCACCTCCTTCTGGGACG	0.794117647058824
CTACCTCTACCCCAGAAGCCACCCCGGCGA	0.790441176470588
CCGAAATTGGGCTCCTGCACACAGTGGCCC	0.786764705882353
GGCACGGTCTGGGCCCAGCACCACCGGCAC	0.783088235294118
GGCCCCTTCACGAGGTCGCGGTGGTGGAAA	0.779411764705882
TCGCCGGGGTGGCTTCTGGGGTAGAGGTAG	0.775735294117647
GGACGCTCTCCTACCGGGCGGACTCGGACG	0.772058823529412
CACTGTCCAGGAAACAGGGGCTGGTGGCAT	0.768382352941176
GCGGCAGCTGCCCCCAGCAAGCGTAGGTGA	0.764705882352941
TTACTTGCCAGGCTTCGCAGCCCCGGGGAG	0.761029411764706
TGGCCCCGCCACTGTCCAGGAAACAGGGGC	0.757352941176471
CGACCGGTGGGCGTGCTGCTGTGGTGGGAG	0.753676470588235
TGTTGAAGCGCAGCCGGCAGTCAGGGGGCG	0.75
TGCCCCGCGGCGCCTTCATCCACGTGGACG	0.746323529411765
CGTCCACGTGGATGAAGGCGCCGCGGGGCA	0.742647058823529
TGGAAGTAGCGGCGATAGACCGCGGGGTTG	0.738970588235294
GTTACTTGCCAGGCTTCGCAGCCCCGGGGA	0.735294117647059
TTCCACCACCGCGACCTCGTGAAGGGGCCC	0.731617647058824
GCTGCTGTGGTGGGAGCCCTTCGGGGGGCG	0.727941176470588
CAAAGACGTCCGAGTCCGCCCGGTAGGAGA	0.724264705882353
CCGAACACGTCCACGGTCACATGTTGGCTC	0.720588235294118
TTTCCACCACCGCGACCTCGTGAAGGGGCC	0.716911764705882
TCATCCAAACCCAGCGCTGGCCCGGGGGCC	0.713235294117647
GCGCTGATCACCTACGCTTGCTGGGGGCAG	0.709558823529412
CGCGGGGCACAAAGCGCTCGTAGTTGGCAC	0.705882352941176
ACGCGTTGCTCGCTGGGGCGGTGCCGGTGG	0.702205882352941
TCGAAGTTCATCCAAACCCAGCGCTGGCCC	0.698529411764706
GACCGTGGACGTGTTCGGCCGGGGCGGGCC	0.694852941176471
CAGAGCTTCTCGGTGATATAATCCAGGTGC	0.691176470588235
GGCCGCCAGCACACAGACGGTCCATGGCAG	0.6875
TCGAAAGCCAGGTAGAACTTGTAGCGGGCC	0.683823529411765
CGGCGCTGATCACCTACGCTTGCTGGGGGC	0.680147058823529
CCTGCTCACCGACCGCGCGTCCTACGGAGA	0.676470588235294
GGCTCGTCCCAGAAGGAGGTGATGTGGACA	0.672794117647059
GACCGTCTGTGTGCTGGCGGCCGCCGGCTT	0.669117647058824
CTGCCGGCTGCGCTTCAACATCAGCGGCTG	0.665441176470588
CTTCGAGTCGCCCTCGCACTCCCCGGGGCT	0.661764705882353
TCAGCGCCGTACACGTCAAGCCGGCGGCCG	0.658088235294118
ATCTGCGCGTGTTGGACTACGAGGAGGCAG	0.654411764705882
TCAACTGGACGCTCTCCTACCGGGCGGACT	0.650735294117647
CAGCGCTGCCTGTTCGCGCCATGGGGGCAC	0.647058823529412
TCAGTTGGTGGTAGTAGCGGACCCGGGCCT	0.643382352941176
CCTGTTCGCGCCATGGGGGCACCGTGGGGC	0.639705882352941
GCATCCAGGCGCACACTGCCGAGGAGGTGG	0.636029411764706
CTGCTGTGGTGGGAGCCCTTCGGGGGGCGC	0.632352941176471
TCCACGGTCACATGTTGGCTCAGTTGGTGG	0.628676470588235
TCGCGACCGGTGGGCGTGCTGCTGTGGTGG	0.625
GCGGTCTATCGCCGCTACTTCCACTGGCGC	0.621323529411765
ATGCCCCAGGGCGGGGGCCAGTCGGGGGGC	0.617647058823529
GGCGGGTCGCCGGGGTGGCTTCTGGGGTAG	0.613970588235294
CCAGGAAACAGGGGCTGGTGGCATGGGTGG	0.610294117647059
TACGAGGCCAGGGAGGAGGCACTTGGGAAG	0.606617647058824
TAGCGGCGATAGACCGCGGGGTTGCGGTCG	0.602941176470588
GCCCCCCGACTGGCCCCCGCCCTGGGGCAT	0.599264705882353
ATGTTGAAGCGCAGCCGGCAGTCAGGGGGC	0.595588235294118
GGAAAAGCAGGTACGAGGCCAGGGAGGAGG	0.591911764705882
GTCGCGACGGGGTTGGCGACGCCCAGGGCA	0.588235294117647
AAGCCACCCCGGCGACCCGCCCTCAGGCCT	0.584558823529412
AGTGGAAGTAGCGGCGATAGACCGCGGGGT	0.580882352941176
GTTGAAGCGCAGCCGGCAGTCAGGGGGCGG	0.577205882352941
GGCCAGTCGGGGGGCCCCTTCACGAGGTCG	0.573529411764706
ACCCAGCGCTGGCCCGGGGGCCTGGGGCTG	0.569852941176471
AGCCGGCGGCCGCCAGCACACAGACGGTCC	0.566176470588235
TGCTTTTCCTCGACCGCAACCCCGCGGTCT	0.5625
GTGGAAGTAGCGGCGATAGACCGCGGGGTT	0.558823529411765
TGGCGCCGAGGCCGGGGGCTGCCATGGACC	0.555147058823529
GTGTGCGCCTGGATGCCCCAGGGCGGGGGC	0.551470588235294
ATGTGACCGTGGACGTGTTCGGCCGGGGCG	0.547794117647059
GGCGCTGATCACCTACGCTTGCTGGGGGCA	0.544117647058824
AGGCCTGAGGGCGGGTCGCCGGGGTGGCTT	0.540441176470588
TGTTCGCGCCATGGGGGCACCGTGGGGCTC	0.536764705882353
TTCATCCAAACCCAGCGCTGGCCCGGGGGC	0.533088235294118
CCGTAGGACGCGCGGTCGGTGAGCAGGCGG	0.529411764705882
GCCGGCAGTCAGGGGGCGGCCTCGGGGCGC	0.525735294117647
CGGCAGTGTGCGCCTGGATGCCCCAGGGCG	0.522058823529412
CATGTGACCGTGGACGTGTTCGGCCGGGGC	0.518382352941176
GGGGGCAGCTGCCGCCGCTGCCCTGGGCGT	0.514705882352941
GGCGCAACGCGTTGCTCGCTGGGGCGGTGC	0.511029411764706
GGACAGTGGCGGGGCCAGGCCTGAGGGCGG	0.507352941176471
AGCCACTGGGACGAGCGCCAGGCCCGGGTC	0.503676470588235
GCTTCTGGGGTAGAGGTAGCCATAAGGCAC	0.5
GGCTGCCATGGACCGTCTGTGTGCTGGCGG	0.496323529411765
TGCCATGGACCGTCTGTGTGCTGGCGGCCG	0.492647058823529
AGCCTGGCAAGTAACCTCTTCAACTGGACG	0.488970588235294
GGCACAAAGCGCTCGTAGTTGGCACGGTCT	0.485294117647059
GGCGACCTCCAGCCCCAGGCCCCCGGGCCA	0.481617647058823
GCGTGTTGGACTACGAGGAGGCAGCGGCGG	0.477941176470588
CTGTTCGCGCCATGGGGGCACCGTGGGGCT	0.474264705882353
CAGCAGCACGCCCACCGGTCGCGACGGGGT	0.470588235294118
TGTTGGACTACGAGGAGGCAGCGGCGGCGG	0.466911764705882
TCGCGACGGGGTTGGCGACGCCCAGGGCAG	0.463235294117647
CAGTGGCCCGCTACAAGTTCTACCTGGCTT	0.459558823529412
CACGCCCACCGGTCGCGACGGGGTTGGCGA	0.455882352941176
GAAGCGCAGCCGGCAGTCAGGGGGCGGCCT	0.452205882352941
AAGCGCTCGTAGTTGGCACGGTCTGGGCCC	0.448529411764706
AGCCCCTGTTTCCTGGACAGTGGCGGGGCC	0.444852941176471
CCCATGCCACCAGCCCCTGTTTCCTGGACA	0.441176470588235
TCAGGCCTGGCCCCGCCACTGTCCAGGAAA	0.4375
AGGCAGCGGCGGCGGCAGAAGCCCTGGCGA	0.433823529411765
ACACAGACGGTCCATGGCAGCCCCCGGCCT	0.430147058823529
TGTTGGCTCAGTTGGTGGTAGTAGCGGACC	0.426470588235294
GGCACCGGCTGCCCCGGCCCGCCCCGGCCG	0.422794117647059
TCGGCGAGCCCCACGGTGCCCCCATGGCGC	0.419117647058823
TGGACGTGTTCGGCCGGGGCGGGCCGGGGC	0.415441176470588
TGCCCCAGGGCGGGGGCCAGTCGGGGGGCC	0.411764705882353
CAGTGGCGGGGCCAGGCCTGAGGGCGGGTC	0.408088235294118
GATGTTGAAGCGCAGCCGGCAGTCAGGGGG	0.404411764705882
GGGCACCGTGGGGCTCGCCGACGGCGGCGG	0.400735294117647
GAAGCCCTGGCGACCTCCAGCCCCAGGCCC	0.397058823529412
CGGGGTTGGCGACGCCCAGGGCAGCGGCGG	0.393382352941176
TGATCAGCGCCGTACACGTCAAGCCGGCGG	0.389705882352941
AGGTGCTGCGAGTTCTCGAAAGCCAGGTAG	0.386029411764706
AAAGCAGGTACGAGGCCAGGGAGGAGGCAC	0.382352941176471
GCAGCACGCCCACCGGTCGCGACGGGGTTG	0.378676470588235
TCCAGGAAACAGGGGCTGGTGGCATGGGTG	0.375
GGAAACAGGGGCTGGTGGCATGGGTGGTGA	0.371323529411765
GGGCGGGTCGCCGGGGTGGCTTCTGGGGTA	0.367647058823529
CGGCGCGGGTGGCGCCGAGGCCGGGGGCTG	0.363970588235294
AGCAGCACGCCCACCGGTCGCGACGGGGTT	0.360294117647059
TACGCTGTCCACATCACCTCCTTCTGGGAC	0.356617647058823
ACTTCGAGTCGCCCTCGCACTCCCCGGGGC	0.352941176470588
TGGATCTGCGCGTGTTGGACTACGAGGAGG	0.349264705882353
TGGACAGTGGCGGGGCCAGGCCTGAGGGCG	0.345588235294118
TGGGGGCACCGTGGGGCTCGCCGACGGCGG	0.341911764705882
GCGCCGCCCGCCCGCCGCCGCCGTCGGCGA	0.338235294117647
GTGCGCCTGGATGCCCCAGGGCGGGGGCCA	0.334558823529412
GGGCGTCGCCAACCCCGTCGCGACCGGTGG	0.330882352941176
CGAAAGCCAGGTAGAACTTGTAGCGGGCCA	0.327205882352941
GGGGCATCCAGGCGCACACTGCCGAGGAGG	0.323529411764706
GGGGGCCTGGGGCTGGAGGTCGCCAGGGCT	0.319852941176471
CCGAGGAGGTGGATCTGCGCGTGTTGGACT	0.316176470588235
GGGCCCCCCGACTGGCCCCCGCCCTGGGGC	0.3125
CGAGGAAAAGCAGGTACGAGGCCAGGGAGG	0.308823529411765
TGGACTACGAGGAGGCAGCGGCGGCGGCAG	0.305147058823529
GGTTGGCGACGCCCAGGGCAGCGGCGGCAG	0.301470588235294
CCAACATGTGACCGTGGACGTGTTCGGCCG	0.297794117647059
AGGGCGGGTCGCCGGGGTGGCTTCTGGGGT	0.294117647058823
GGGCCAGGCCTGAGGGCGGGTCGCCGGGGT	0.290441176470588
TGGCGACCTCCAGCCCCAGGCCCCCGGGCC	0.286764705882353
TGGCGGCCGCCGGCTTGACGTGTACGGCGC	0.283088235294118
ACGGCGCTGATCACCTACGCTTGCTGGGGG	0.279411764705882
CGCTGGGGCGGTGCCGGTGGTGCTGGGCCC	0.275735294117647
ACTGGCCCCCGCCCTGGGGCATCCAGGCGC	0.272058823529412
TGGACAGCGTAGCTCCGGCGCCAGTGGAAG	0.268382352941176
CTGGTGGCATGGGTGGTGAGCCACTGGGAC	0.264705882352941
TCCACCTCCTCGGCAGTGTGCGCCTGGATG	0.261029411764706
CGCCGCCGCCGTCGGCGAGCCCCACGGTGC	0.257352941176471
GACCTCGTGAAGGGGCCCCCCGACTGGCCC	0.253676470588235
CCAACACGCGCAGATCCACCTCCTCGGCAG	0.25
CGTGCTGCTGTGGTGGGAGCCCTTCGGGGG	0.246323529411765
GTCCAGTTGAAGAGGTTACTTGCCAGGCTT	0.242647058823529
TCGCTGGGGCGGTGCCGGTGGTGCTGGGCC	0.238970588235294
GTACGAGGCCAGGGAGGAGGCACTTGGGAA	0.235294117647059
TCCAGGCGCACACTGCCGAGGAGGTGGATC	0.231617647058823
GGACTCGGACGTCTTTGTGCCTTATGGCTA	0.227941176470588
CGTTGCTCGCTGGGGCGGTGCCGGTGGTGC	0.224264705882353
TTGGGAAGTCGTCCACGTGGATGAAGGCGC	0.220588235294118
GCCCCAGGGCGGGGGCCAGTCGGGGGGCCC	0.216911764705882
CACCGTGGGGCTCGCCGACGGCGGCGGCGG	0.213235294117647
AGTGTGCGCCTGGATGCCCCAGGGCGGGGG	0.209558823529412
ACCGTGGACGTGTTCGGCCGGGGCGGGCCG	0.205882352941176
CCACTGTGTGCAGGAGCCCAATTTCGGGCA	0.202205882352941
ACGGCGGCGGCGGGCGGGCGGCGCGGGTGG	0.198529411764706
TCGAGGAAAAGCAGGTACGAGGCCAGGGAG	0.194852941176471
GCTGGCCCGGGGGCCTGGGGCTGGAGGTCG	0.191176470588235
CGGGGCGCTATCGCGCCCCCCGAAGGGCTC	0.1875
CAGCCGCTGATGTTGAAGCGCAGCCGGCAG	0.183823529411765
CACTGTGTGCAGGAGCCCAATTTCGGGCAC	0.180147058823529
GTGGGGCTCGCCGACGGCGGCGGCGGGCGG	0.176470588235294
GGCTCGCCGACGGCGGCGGCGGGCGGGCGG	0.172794117647059
TGGCTTTCGAGAACTCGCAGCACCTGGATT	0.169117647058823
GTGCTGCTGTGGTGGGAGCCCTTCGGGGGG	0.165441176470588
TCTGGCGCAACGCGTTGCTCGCTGGGGCGG	0.161764705882353
GGCCCCCCGACTGGCCCCCGCCCTGGGGCA	0.158088235294118
GCGGCGCGGGTGGCGCCGAGGCCGGGGGCT	0.154411764705882
GGACGTGTTCGGCCGGGGCGGGCCGGGGCA	0.150735294117647
ACCCCGGCGACCCGCCCTCAGGCCTGGCCC	0.147058823529412
GCCAGGCCTGAGGGCGGGTCGCCGGGGTGG	0.143382352941177
CGTGGGGCTCGCCGACGGCGGCGGCGGGCG	0.139705882352941
GACGTGTTCGGCCGGGGCGGGCCGGGGCAG	0.136029411764706
GCAACGCGTTGCGCCAGAGCTTCTCGGTGA	0.132352941176471
GGGCGGCGCGGGTGGCGCCGAGGCCGGGGG	0.128676470588235
AGCCGGCAGTCAGGGGGCGGCCTCGGGGCG	0.125
AGCGCTGGCCCGGGGGCCTGGGGCTGGAGG	0.121323529411765
TCGGCCGGGGCGGGCCGGGGCAGCCGGTGC	0.117647058823529
CCGGGGCAGCCGGTGCCCGAAATTGGGCTC	0.113970588235294
GCCCCAGGCCCCCGGGCCAGCGCTGGGTTT	0.110294117647059
GTGCAGGAGCCCAATTTCGGGCACCGGCTG	0.106617647058823
CCCAATTTCGGGCACCGGCTGCCCCGGCCC	0.102941176470588
TGGTGGTAGTAGCGGACCCGGGCCTGGCGC	0.099264705882353
TGGTGAGCCACTGGGACGAGCGCCAGGCCC	0.095588235294118
GCGGCGGCGGGCGGGCGGCGCGGGTGGCGC	0.091911764705882
GCTCTGGCGCAACGCGTTGCTCGCTGGGGC	0.088235294117647
CTCTGGCGCAACGCGTTGCTCGCTGGGGCG	0.084558823529412
ACGGTCCATGGCAGCCCCCGGCCTCGGCGC	0.080882352941177
TGTGCGCCTGGATGCCCCAGGGCGGGGGCC	0.077205882352941
GGATGCCCCAGGGCGGGGGCCAGTCGGGGG	0.073529411764706
AGCCCCAGGCCCCCGGGCCAGCGCTGGGTT	0.069852941176471
GGGCGGGCGGCGCGGGTGGCGCCGAGGCCG	0.066176470588235
AAAGCGCTCGTAGTTGGCACGGTCTGGGCC	0.0625
GTTCATCCAAACCCAGCGCTGGCCCGGGGG	0.058823529411765
CGCACTCCCCGGGGCTGCGAAGCCTGGCAA	0.05514705882353
TGTTTCCTGGACAGTGGCGGGGCCAGGCCT	0.051470588235294
CGATAGACCGCGGGGTTGCGGTCGAGGAAA	0.047794117647059
GCCGGGGCAGCCGGTGCCCGAAATTGGGCT	0.044117647058824
GATGCCCCAGGGCGGGGGCCAGTCGGGGGG	0.040441176470588
GGCGGCGCGGGTGGCGCCGAGGCCGGGGGC	0.036764705882353
TGGGGGCAGCTGCCGCCGCTGCCCTGGGCG	0.033088235294118
TCGGGGCGCTATCGCGCCCCCCGAAGGGCT	0.029411764705882
ATCACCTCCTTCTGGGACGAGCCTTGGTGC	0.025735294117647
GGCCAGGCCTGAGGGCGGGTCGCCGGGGTG	0.022058823529412
AACCCAGCGCTGGCCCGGGGGCCTGGGGCT	0.018382352941177
CAGCCGGCAGTCAGGGGGCGGCCTCGGGGC	0.014705882352941
GGGCTCGCCGACGGCGGCGGCGGGCGGGCG	0.011029411764706
AAACCCAGCGCTGGCCCGGGGGCCTGGGGC	0.007352941176471
TCGCCGACGGCGGCGGCGGGCGGGCGGCGC	0.003676470588235
TTCGGGGGGCGCGATAGCGCCCCGAGGCCG	0
GACGGCGGCGGCGGGCGGGCGGCGCGGGTG	0
CCTCGTTGCTATCTACCACAAGCAGGGGCG	0.986486486486487
GCCCTCATCAGAACAATGACACTCAGGCTG	0.972972972972973
TTACCTAGACAACGAGAGGAGCAATGGAAC	0.959459459459459
CTCTCGTTGTCTAGGTAAGGCGGAGGGTAC	0.945945945945946
AGGTTGTAGGAATACCTGCAGCTGAGGCTG	0.932432432432432
CTCGTTGCTATCTACCACAAGCAGGGGCGA	0.918918918918919
CCCTGCTTGTGGTAGATAGCAACGAGGTCA	0.905405405405405
TGATTGACGTGCAGATTCCAGAGACGGAAC	0.891891891891892
GCTCCTCTCGTTGTCTAGGTAAGGCGGAGG	0.878378378378378
CAACTTCTTCTCAGTTCAAGTAACAGGTAA	0.864864864864865
GGAATTCCGGGCATCCCTGTACAAGGGCGT	0.851351351351351
GAACTCGGCATTCGAGCGAAACTGGGGCTG	0.837837837837838
CACGACCAGTGCCCAAAACAGCTTAGGAGA	0.824324324324324
GACTACATGAACATGACTCCCCGGAGGCCT	0.810810810810811
CAATGACACTCAGGCTGCTGTTCTTGGCTC	0.797297297297297
CGTCGCTGTTCACGCCCTTGTACAGGGATG	0.783783783783784
ATTGCTCCTCTCGTTGTCTAGGTAAGGCGG	0.77027027027027
CCTCCGCCTTACCTAGACAACGAGAGGAGC	0.756756756756757
CCTCTCGTTGTCTAGGTAAGGCGGAGGGTA	0.743243243243243
TTTGTTATGGCTTGCTAGTGACAGTGGCTC	0.72972972972973
CTGGATAGGGGTCCCTGTCAGGGGCGGTAC	0.716216216216216
TGTACAAGGGCGTGAACAGCGACGTGGAAG	0.702702702702703
AGTGACTACATGAACATGACTCCCCGGAGG	0.689189189189189
CTTTCGAGTGAGCCCAGGCCTCCGGGGAGT	0.675675675675676
GGAATTCCTTTGCGAGAAGGTTGTAGGAAT	0.662162162162162
AGGAATTCCGGGCATCCCTGTACAAGGGCG	0.648648648648649
TTTTCCCTTCAGAAAACAAGATTTTGGTAA	0.635135135135135
TGCAAAGTCTCTGGCAGGGGCGTAGGGCTG	0.621621621621622
CGGTACGCTGCAAAGTCTCTGGCAGGGGCG	0.608108108108108
CGAATGCCGAGTTCAACTGCGACGGGGATT	0.594594594594595
GCTTTCGAGTGAGCCCAGGCCTCCGGGGAG	0.581081081081081
CTCGAATGCCGAGTTCAACTGCGACGGGGA	0.567567567567568
AGCAACGAGGTCAGCCTCAGCTGCAGGTAT	0.554054054054054
AAGTCTCTGGCAGGGGCGTAGGGCTGGTAA	0.540540540540541
GAACAGCGACGTGGAAGTCTGTGTCGGGAA	0.527027027027027
GTTCCATTGCTCCTCTCGTTGTCTAGGTAA	0.513513513513514
CTTTGCAGCGTACCGCCCCTGACAGGGACC	0.5
CTGCAAAGTCTCTGGCAGGGGCGTAGGGCT	0.486486486486487
GTCACTAGCAAGCCATAACAAAACAGGACT	0.472972972972973
GTTTTGGGCACTGGTCGTGGTTGCTGGAGT	0.459459459459459
CTGGTAAGGCTTTCGAGTGAGCCCAGGCCT	0.445945945945946
AACAGCGACGTGGAAGTCTGTGTCGGGAAT	0.432432432432432
GTCTGTTCCTTCTACTATTTGTCTAGGGGG	0.418918918918919
TCTGGCAGGGGCGTAGGGCTGGTAAGGCTT	0.405405405405405
TGGTAAAGCAGTCGCCCCTGCTTGTGGTAG	0.391891891891892
GGTACGCTGCAAAGTCTCTGGCAGGGGCGT	0.378378378378378
CGAAATCCCCGTCGCAGTTGAACTCGGCAT	0.364864864864865
ACCTCGTTGCTATCTACCACAAGCAGGGGC	0.351351351351351
CATTCGAGCGAAACTGGGGCTGATAGGTAA	0.337837837837838
ACTTTGCAGCGTACCGCCCCTGACAGGGAC	0.324324324324324
TGACAGTGGCTCTTTGTGTTATCTGGGTAA	0.310810810810811
CAATGGAACTATTATTCACATAAAAGGTAA	0.297297297297297
GGCTTTCGAGTGAGCCCAGGCCTCCGGGGA	0.283783783783784
CTTCTGGATAGGGGTCCCTGTCAGGGGCGG	0.27027027027027
GGTATTCCTACAACCTTCTCGCAAAGGAAT	0.256756756756757
AGGGGCGGTACGCTGCAAAGTCTCTGGCAG	0.243243243243243
TTCCCCCCCTAGACAAATAGTAGAAGGAAC	0.22972972972973
ACAACCTTCTCGCAAAGGAATTCCGGGCAT	0.216216216216216
GCGGTACGCTGCAAAGTCTCTGGCAGGGGC	0.202702702702703
GTCATGTTCATGTAGTCACTTTGAAGGAGT	0.189189189189189
GATGCCCGGAATTCCTTTGCGAGAAGGTTG	0.175675675675676
TACAACCTTCTCGCAAAGGAATTCCGGGCA	0.162162162162162
ACGTCGCTGTTCACGCCCTTGTACAGGGAT	0.148648648648649
GACGTGGAAGTCTGTGTCGGGAATGGGAAT	0.135135135135135
TTGAACTCGGCATTCGAGCGAAACTGGGGC	0.121621621621622
ACTCAGTCATCTCCTAAGCTGTTTTGGGCA	0.108108108108108
ATGAACATGACTCCCCGGAGGCCTGGGCTC	0.094594594594595
TTCACGCCCTTGTACAGGGATGCCCGGAAT	0.081081081081081
CGACGTGGAAGTCTGTGTCGGGAATGGGAA	0.067567567567568
TCGAATGCCGAGTTCAACTGCGACGGGGAT	0.054054054054054
CATGAACATGACTCCCCGGAGGCCTGGGCT	0.040540540540541
GTGACAGTGGCTCTTTGTGTTATCTGGGTA	0.027027027027027
TGAACTCGGCATTCGAGCGAAACTGGGGCT	0.013513513513514
AACGAAACAGTGACGTTCCGTCTCTGGAAT	0
GCCGTGGGGTGATTATGAGCACCGAGGAGT	0.967532467532468
TCCCTGAGCATCGTAGACGCCAGGAGGAGG	0.965367965367965
CCTCATCCCTGGCACTCTAGAACCCGGCCA	0.941558441558442
TGGTGCCGTGGTCCTGGGGCCGTGGGGTGA	0.932900432900433
GCAGGAGTCAGTGACGGTACAGGAGGGTTT	0.928571428571429
CACCTGTCACATGCACAGAGAGCTGGGGAG	0.922077922077922
TCCCGGAACCAGTAACCATGAACTGGGGAG	0.915584415584416
GGATGGAAGAAAGTGCAGGGCACGAGGACG	0.913419913419913
TTCTTGTCGTAGTAGGGTATGGGATGGAAG	0.911255411255411
ACCTGTCACATGCACAGAGAGCTGGGGAGA	0.909090909090909
GGGTATGGGATGGAAGAAAGTGCAGGGCAC	0.906926406926407
TGCAGGAGTCAGTGACGGTACAGGAGGGTT	0.898268398268398
CCATTATATCCAGGGACTCTCCAGTGGCCA	0.896103896103896
GGCTGCAAGTGCAGGAGTCAGTGACGGTAC	0.891774891774892
GAGTGGCCGGGTTCTAGAGTGCCAGGGATG	0.88961038961039
TCCTCCTGGCGTCTACGATGCTCAGGGAGC	0.887445887445887
CCCGGAACCAGTAACCATGAACTGGGGAGT	0.885281385281385
CTGAGCATCGTAGACGCCAGGAGGAGGGAT	0.880952380952381
GGGAGTTCTTGTCGTAGTAGGGTATGGGAT	0.878787878787879
AAGTGCAGGAGTCAGTGACGGTACAGGAGG	0.857142857142857
CAGTTGTTCCTACTGGGATCCCCAAGGAGG	0.841991341991342
CTCCTCCTGGCGTCTACGATGCTCAGGGAG	0.83982683982684
AGCTGACAACCAGGAGAAGATCGGGGGTGT	0.837662337662338
TCCTCGGTGCTCATAATCACCCCACGGCCC	0.831168831168831
AGGGTATGGGATGGAAGAAAGTGCAGGGCA	0.824675324675325
CAGCTGACAACCAGGAGAAGATCGGGGGTG	0.811688311688312
ACAGCCACTCACCTGCCCACAGCAGGGGCA	0.807359307359308
TGTTTGTGGCCACTGGAGAGTCCCTGGATA	0.794372294372294
TGGGCCCCAGGACTACTCACTCCTCGGTGC	0.785714285714286
GGAGTTCTTGTCGTAGTAGGGTATGGGATG	0.785714285714286
AGTATGAACCATTATCCCTCCTCCTGGCGT	0.785714285714286
AGCACCGAGGAGTGAGTAGTCCTGGGGCCC	0.774891774891775
TGAGCATCGTAGACGCCAGGAGGAGGGATA	0.766233766233766
AGGAGTGAGTAGTCCTGGGGCCCAGGGAGG	0.75974025974026
CCAGCGAACTTCACCTGACAGGTCAGGTTG	0.755411255411255
AGACCAGAGCAGGAGTGGTTCATGGGGCCA	0.744588744588745
ACTTACAGGTGACGTTGAGCTGGATGGTTC	0.744588744588745
GGGCTGTAACACCAGCTCCTCCAATGGCCC	0.742424242424242
TTCTCCTCACTAGACTTGACCCACAGGCCC	0.735930735930736
ACAAGCTAGATCAAGAAGTACAGGAGGAGA	0.714285714285714
GGGGTGTTCCCTGCTCACAGGCCCAGGACA	0.712121212121212
TCCCTGGATATAATGGCTCCTTCCCGGAAC	0.705627705627706
CAAACAAGCTAGATCAAGAAGTACAGGAGG	0.699134199134199
GGGAGGTGGGGGCAGCTGACAACCAGGAGA	0.690476190476191
CCACAGGCCCAAAATCCTCATCCCTGGCAC	0.690476190476191
GGTCAGGTTGGTGCCGTGGTCCTGGGGCCG	0.683982683982684
CTCAGGGCAGATTCCGCCTCCTTGGGGATC	0.67965367965368
TTGTTCCTACTGGGATCCCCAAGGAGGCGG	0.675324675324675
AACTGGGGAGTTCTTGTCGTAGTAGGGTAT	0.673160173160173
AGTTCATGGTTACTGGTTCCGGGAAGGAGC	0.673160173160173
AGGAGTGGTTCATGGGGCCATTGGAGGAGC	0.655844155844156
CTACGACAAGAACTCCCCAGTTCATGGTTA	0.634199134199134
TCTCCCATCAGAGTGAAGACCCACAGGAGG	0.62987012987013
GAGCACCGAGGAGTGAGTAGTCCTGGGGCC	0.608225108225108
ACCTGACAGGTCAGGTTGGTGCCGTGGTCC	0.606060606060606
TTCATACTTCTTTCGGATGGAGAGAGGAAG	0.606060606060606
ATCAAGAAGTACAGGAGGAGACTCAGGGCA	0.606060606060606
AAGAACTCCCCAGTTCATGGTTACTGGTTC	0.597402597402597
AGCAGGAGTGGTTCATGGGGCCATTGGAGG	0.593073593073593
CACAGCCACTCACCTGCCCACAGCAGGGGC	0.590909090909091
CTCTGTGTCCTGGGCCTGTGAGCAGGGAAC	0.590909090909091
TGCTGCTACTGCTGCCCCTGCTGTGGGCAG	0.58008658008658
CAGCTCCAGCGAACTTCACCTGACAGGTCA	0.58008658008658
TGCAGGGAAACAAGAGACCAGAGCAGGAGT	0.577922077922078
TGCTCATAATCACCCCACGGCCCCAGGACC	0.575757575757576
TGAGCACCGAGGAGTGAGTAGTCCTGGGGC	0.575757575757576
TGAGGCAGAGACAAAGAGCGAGCAGGGCTG	0.567099567099567
CAGCCACTCACCTGCCCACAGCAGGGGCAG	0.564935064935065
GCAGCTGACAACCAGGAGAAGATCGGGGGT	0.560606060606061
CGAACTTCACCTGACAGGTCAGGTTGGTGC	0.547619047619048
TTGATCTAGCTTGTTTGTGGCCACTGGAGA	0.547619047619048
TCAAGAAGTACAGGAGGAGACTCAGGGCAG	0.538961038961039
TTGGTGCCGTGGTCCTGGGGCCGTGGGGTG	0.538961038961039
CAGCACTTACAGGTGACGTTGAGCTGGATG	0.536796536796537
TTCCCGGAACCAGTAACCATGAACTGGGGA	0.523809523809524
ATGAGGCAGAGACAAAGAGCGAGCAGGGCT	0.512987012987013
AATCACCCCACGGCCCCAGGACCACGGCAC	0.510822510822511
CCGGGTTCTAGAGTGCCAGGGATGAGGATT	0.493506493506494
CAGGTCAGGTTGGTGCCGTGGTCCTGGGGC	0.489177489177489
GCTCACAGGCCCAGGACACAGAGCAGGTCA	0.478354978354978
TTCCTACTGGGATCCCCAAGGAGGCGGAAT	0.456709956709957
AGAGACCAGAGCAGGAGTGGTTCATGGGGC	0.456709956709957
CAGGGAACACCCCCGATCTTCTCCTGGTTG	0.45021645021645
ACCACGGCACCAACCTGACCTGTCAGGTGA	0.448051948051948
CAGGCCCAGGACACAGAGCAGGTCAGGTTT	0.448051948051948
AAAAACCTGACCTGCTCTGTGTCCTGGGCC	0.448051948051948
AGTGAGTAGTCCTGGGGCCCAGGGAGGTGG	0.443722943722944
ATAATGGTTCATACTTCTTTCGGATGGAGA	0.439393939393939
GCTACTGCTGCCCCTGCTGTGGGCAGGTGA	0.428571428571429
GAACTGGGGAGTTCTTGTCGTAGTAGGGTA	0.428571428571429
CGTAGACGCCAGGAGGAGGGATAATGGTTC	0.422077922077922
GGCAGCTGACAACCAGGAGAAGATCGGGGG	0.415584415584416
TCACCTGTCACATGCACAGAGAGCTGGGGA	0.415584415584416
TTCCGCCTCCTTGGGGATCCCAGTAGGAAC	0.413419913419913
GGTTCATGGGGCCATTGGAGGAGCTGGTGT	0.406926406926407
CTGCTGCTACTGCTGCCCCTGCTGTGGGCA	0.400432900432901
CTGTCCTGGCTGCTTTCCTCCTGTGGGTCT	0.387445887445887
AGGATGCCCCATCACTCACCGGGGAGGCTG	0.378787878787879
TCCCCAGCTCTCTGTGCATGTGACAGGTGA	0.376623376623376
GCTCTGTGTCCTGGGCCTGTGAGCAGGGAA	0.376623376623376
CCCCAGTTCATGGTTACTGGTTCCGGGAAG	0.367965367965368
AGGTCAGGTTGGTGCCGTGGTCCTGGGGCC	0.363636363636364
GAAAATGCTCACATGAAGAAGATGAGGCAG	0.352813852813853
TGCTCCCTGAGCATCGTAGACGCCAGGAGG	0.352813852813853
CCTGACCTGTCAGGTGAAGTTCGCTGGAGC	0.33982683982684
GTTGTCAGCTGCCCCCACCTCCCTGGGCCC	0.335497835497836
ACTCAGGGCAGATTCCGCCTCCTTGGGGAT	0.333333333333333
TCCGGGAAGGAGCCATTATATCCAGGGACT	0.331168831168831
GCTCAGGGAGCAGTTGTTCCTACTGGGATC	0.322510822510822
AGGGATAATGGTTCATACTTCTTTCGGATG	0.322510822510822
CAGCAGGGGCAGCAGTAGCAGCAGCGGCAT	0.316017316017316
GTTTCCCCACAGGGGCCCTGGCTATGGATC	0.298701298701299
GCTGTCCTGGCTGCTTTCCTCCTGTGGGTC	0.29004329004329
TGCTCAGGGAGCAGTTGTTCCTACTGGGAT	0.272727272727273
GAGGAAAGCAGCCAGGACAGCAGTGGGCAG	0.257575757575758
TAGTCCTGGGGCCCAGGGAGGTGGGGGCAG	0.253246753246753
AAAGCAGCCAGGACAGCAGTGGGCAGGAAT	0.253246753246753
AGGAATGACACCCACCCTACCACAGGGTCA	0.248917748917749
GGAAACAAGAGACCAGAGCAGGAGTGGTTC	0.244588744588745
AAAACCTGACCTGCTCTGTGTCCTGGGCCT	0.242424242424243
AGTAGTCCTGGGGCCCAGGGAGGTGGGGGC	0.238095238095238
GTAGTCCTGGGGCCCAGGGAGGTGGGGGCA	0.231601731601732
CAGGAATGACACCCACCCTACCACAGGGTC	0.229437229437229
TTCCGGGAAGGAGCCATTATATCCAGGGAC	0.222943722943723
GAGGAGTGAGTAGTCCTGGGGCCCAGGGAG	0.20995670995671
GCCAGAAATTTGGATCCATAGCCAGGGCCC	0.194805194805195
ATCCAAATTTCTGGCTGCAAGTGCAGGAGT	0.194805194805195
GCTGCCCCCACCTCCCTGGGCCCCAGGACT	0.192640692640693
CCACTGGAGAGTCCCTGGATATAATGGCTC	0.186147186147186
GAGACCAGAGCAGGAGTGGTTCATGGGGCC	0.186147186147186
GGAGGAAAGCAGCCAGGACAGCAGTGGGCA	0.17965367965368
GGTTGTCAGCTGCCCCCACCTCCCTGGGCC	0.17965367965368
GGGAGGCTGACCCTGTGGTAGGGTGGGTGT	0.164502164502164
CTGTCAGGTGAAGTTCGCTGGAGCTGGTGT	0.142857142857143
ACCCTACCACAGGGTCAGCCTCCCCGGTGA	0.132034632034632
CACTCACCGGGGAGGCTGACCCTGTGGTAG	0.127705627705628
CACCGGGGAGGCTGACCCTGTGGTAGGGTG	0.114718614718615
GACTCAGGGCAGATTCCGCCTCCTTGGGGA	0.112554112554113
AAGACCCACAGGAGGAAAGCAGCCAGGACA	0.103896103896104
TGTCATTCCTGCCCACTGCTGTCCTGGCTG	0.103896103896104
ACCGGGGAGGCTGACCCTGTGGTAGGGTGG	0.097402597402597
GGAGTGGCCGGGTTCTAGAGTGCCAGGGAT	0.097402597402597
GCCCTGGCTATGGATCCAAATTTCTGGCTG	0.088744588744589
GTTGGTGCCGTGGTCCTGGGGCCGTGGGGT	0.084415584415584
TCCCCAGTTCATGGTTACTGGTTCCGGGAA	0.075757575757576
GGGGAGGCTGACCCTGTGGTAGGGTGGGTG	0.058441558441558
GTACTTCTTGATCTAGCTTGTTTGTGGCCA	0.051948051948052
AGTTCGCTGGAGCTGGTGTGACTACGGAGA	0.047619047619048
CTCCTGCACTTGCAGCCAGAAATTTGGATC	0.043290043290043
GCTGGGGAGATTTGTAACTGTATTTGGTAC	0.03030303030303
GAGTAGTCCTGGGGCCCAGGGAGGTGGGGG	0.023809523809524
CTAGAGTGCCAGGGATGAGGATTTTGGGCC	0.021645021645022
AGATCGGGGGTGTTCCCTGCTCACAGGCCC	0.015151515151515
AGCCAGAAATTTGGATCCATAGCCAGGGCC	0.008658008658009
CACTGCAGCCAATCCTGTGACAGACGGACC	0.992753623188406
TCTTTGGGGCATGCTGGGTCCAGGTGGCGA	0.985507246376812
TTGTGGTCTGCCCCCAGGGGCTGATGGTCT	0.978260869565217
AGAGGTACTTGGAGCTGTGATATGTGGGGT	0.971014492753623
ATGTCTTGCTGGAAACTTCCTGAGAGGCAG	0.963768115942029
CGCCACAACAGCAGTAGCGCCACGAGGGCC	0.956521739130435
TCTGGGGCCCTCGAGTGAGATGCATGGACT	0.94927536231884
GAAGACAATTCAGTAGTTTCCAAGGGGGTC	0.942028985507247
ATTGGCTGCAGGTCCGTCTGTCACAGGATT	0.934782608695652
TTGATTCTTGGCTTGGTGACCTGGTGGTTA	0.927536231884058
ACAGGATTGGCTGCAGTGACAGGAGGGTCA	0.920289855072464
AGAAGACAATTCAGTAGTTTCCAAGGGGGT	0.91304347826087
AGATGCTGCAGTTCCGTCTGTCACAGGATT	0.905797101449275
CTGCAGTTCCGTCTGTCACAGGATTGGCTG	0.898550724637681
GGAGCTTACTGTTGTAGCCACAGAGGGTCC	0.891304347826087
ACCTGGACCCAGCATGCCCCAAAGAGGAGG	0.884057971014493
GCTGGAAACTTCCTGAGAGGCAGTAGGCTC	0.876811594202899
TCTACCCAAGATCCCATAACCACCAGGTCA	0.869565217391304
GTCCCTGACCCCACAGAAACTGATGGGCTG	0.86231884057971
ACAGAACTGGTTGCTGTGGTAGCAGGGAGT	0.855072463768116
TGGACCCAGCATGCCCCAAAGAGGAGGAGA	0.847826086956522
ATGGGCTGGCATTCTGGGCTTCAGAGGTAC	0.840579710144928
TGGAGCTGTGATATGTGGGGTAGATGGTAG	0.833333333333333
CCTTGCACCTTCTCCTCCTCTTTGGGGCAT	0.826086956521739
AAGAAGACAATTCAGTAGTTTCCAAGGGGG	0.818840579710145
GTCACCACAGCTACTGGGTCTCTGGGGCCC	0.811594202898551
AATGCCAGCCCATCAGTTTCTGTGGGGTCA	0.804347826086956
AAGACAATTCAGTAGTTTCCAAGGGGGTCA	0.797101449275362
CAGGTCACCAAGCCAAGAATCAAGTGGCAT	0.789855072463768
CTGCAGGTCCGTCTGTCACAGGATTGGCTG	0.782608695652174
AGGTACTTGGAGCTGTGATATGTGGGGTAG	0.77536231884058
GAGACCCAGTAGCTGTGGTGACAGGGGGAC	0.768115942028986
AAACCACCACCAAGGCAATAAGCATGGGCA	0.760869565217391
ATTGTCTTCTTTGGAGACTTCTGCTGGTGC	0.753623188405797
AAACTGGGATTGTGGTCTGCCCCCAGGGGC	0.746376811594203
CGCCAGAGGCAAAAGCGGAGGACTGGGGCC	0.739130434782609
CCAGTTCTGTGGAGAGTTCCAGTGTGGCCC	0.731884057971014
AGGGGGTCAAAGAAACTGGGATTGTGGTCT	0.72463768115942
AGGAGGGTCACTGGCTACATTTGATGGTTC	0.717391304347826
GACAACAAGCTCTAACGAGACCAGTGGACC	0.710144927536232
AACCACCACCAAGGCAATAAGCATGGGCAC	0.702898550724638
GTGGCGAGCCCAGACAGTCTGCAGAGGACG	0.695652173913043
TGGAGCTTACTGTTGTAGCCACAGAGGGTC	0.688405797101449
TGGGGTCAGGGACAGTGGACTCGAAGGAGA	0.681159420289855
CTGTTGTGGCGCCAGAGGCAAAAGCGGAGG	0.673913043478261
GAGGTACTTGGAGCTGTGATATGTGGGGTA	0.666666666666667
TCGAAGGAGACCATCAGCCCCTGGGGGCAG	0.659420289855072
TGTGGAGAGTTCCAGTGTGGCCCGTGGCAC	0.652173913043478
CTAACGAGACCAGTGGACCCTCTGTGGCTA	0.644927536231884
CCCCAAAGAGGAGGAGAAGGTGCAAGGCCA	0.63768115942029
TGCAGCATCTACATCTATCTCTAAAGGAAC	0.630434782608696
CAGCATGCCCCAAAGAGGAGGAGAAGGTGC	0.623188405797101
TCTCGTTAGAGCTTGTTGTCACAGTGGTGG	0.615942028985507
TACAACAGTAAGCTCCAAGACCAGTGGTCC	0.608695652173913
AGAGACCCAGTAGCTGTGGTGACAGGGGGA	0.601449275362319
GCCACAACAGCAGTAGCGCCACGAGGGCCA	0.594202898550725
ATCGTCGTCCTCTGCAGACTGTCTGGGCTC	0.58695652173913
AGGGCCCCAGAGACCCAGTAGCTGTGGTGA	0.579710144927536
CTGTACCTGAGCCTACTGCCTCTCAGGAAG	0.572463768115942
CACAGGATTGGCTGCAGTGACAGGAGGGTC	0.565217391304348
AGACCCAGTAGCTGTGGTGACAGGGGGACC	0.557971014492754
CTCGAAGGAGACCATCAGCCCCTGGGGGCA	0.550724637681159
GAGAGGCAGTAGGCTCAGGTACAGGGGTGC	0.543478260869565
TGTCCCTGACCCCACAGAAACTGATGGGCT	0.536231884057971
CTGCTACCACAGCAACCAGTTCTGTGGAGA	0.528985507246377
GCCCTCGTGGCGCTACTGCTGTTGTGGCGC	0.521739130434783
GGCATTCTGGGCTTCAGAGGTACTTGGAGC	0.514492753623189
AACTCTCCACAGAACTGGTTGCTGTGGTAG	0.507246376811594
CCACGAGGGCCAAAACCACCACCAAGGCAA	0.5
AGGGAGTCCATGCATCTCACTCGAGGGCCC	0.492753623188406
TGTCACCACAGCTACTGGGTCTCTGGGGCC	0.485507246376812
TTATGGGATCTTGGGTAGACGTCGTGGATG	0.478260869565218
TGCCCATGCTTATTGCCTTGGTGGTGGTTT	0.471014492753623
CAGGGAGTCCATGCATCTCACTCGAGGGCC	0.463768115942029
AGAGCTTGTTGTCACAGTGGTGGGGGGTGC	0.456521739130435
CTGTTGTAGCCACAGAGGGTCCACTGGTCT	0.449275362318841
AGAATGCCAGCCCATCAGTTTCTGTGGGGT	0.442028985507246
CCACACTGGAACTCTCCACAGAACTGGTTG	0.434782608695652
TGCAGACTGTCTGGGCTCGCCACCTGGACC	0.427536231884058
ACTCGAAGGAGACCATCAGCCCCTGGGGGC	0.420289855072464
CTTCTCCTCCTCTTTGGGGCATGCTGGGTC	0.41304347826087
GCTCAGGTACAGGGGTGCTCATGCTGGCAC	0.405797101449275
TTCTGCTGGAAACTGAGGTGCCACGGGCCA	0.398550724637681
GCGCTACTGCTGTTGTGGCGCCAGAGGCAA	0.391304347826087
GTGACCTGGTGGTTATGGGATCTTGGGTAG	0.384057971014493
CTGGAAGCAGTGCTGATGTCTTGCTGGAAA	0.376811594202899
ACTGGGATTGTGGTCTGCCCCCAGGGGCTG	0.369565217391304
TGAGAGGCAGTAGGCTCAGGTACAGGGGTG	0.36231884057971
TTGTGGCGCCAGAGGCAAAAGCGGAGGACT	0.355072463768116
TGTCACAGGATTGGCTGCAGTGACAGGAGG	0.347826086956522
CGTTAGAGCTTGTTGTCACAGTGGTGGGGG	0.340579710144927
AAACTGAGGTGCCACGGGCCACACTGGAAC	0.333333333333333
GACTCGAAGGAGACCATCAGCCCCTGGGGG	0.326086956521739
CACTTGATTCTTGGCTTGGTGACCTGGTGG	0.318840579710145
CAGAGACCCAGTAGCTGTGGTGACAGGGGG	0.311594202898551
TGGCTGCAGTGACAGGAGGGTCACTGGCTA	0.304347826086957
TACTGGTGCCCATGCTTATTGCCTTGGTGG	0.297101449275362
TCCGTCTGTCACAGGATTGGCTGCAGGGAC	0.289855072463768
TTAGAGCTTGTTGTCACAGTGGTGGGGGGT	0.282608695652174
TAGAGCTTGTTGTCACAGTGGTGGGGGGTG	0.27536231884058
GTCACTGGCTACATTTGATGGTTCTGGAAG	0.268115942028985
GCCAAGAATCAAGTGGCATGTTACTGGTGC	0.260869565217391
GTTTCCAAGGGGGTCAAAGAAACTGGGATT	0.253623188405797
TAGCTGTGGTGACAGGGGGACCACTGGTCT	0.246376811594203
GGTCCCCCTGTCACCACAGCTACTGGGTCT	0.239130434782609
AGCCCATCAGTTTCTGTGGGGTCAGGGACA	0.231884057971014
TAACATGCCACTTGATTCTTGGCTTGGTGA	0.22463768115942
GCGCCAGAGGCAAAAGCGGAGGACTGGGGC	0.217391304347826
AACTTCCTGAGAGGCAGTAGGCTCAGGTAC	0.210144927536232
TGGTGCCCATGCTTATTGCCTTGGTGGTGG	0.202898550724638
TGGTCCCCCTGTCACCACAGCTACTGGGTC	0.195652173913043
TTGTCACAGTGGTGGGGGGTGCACTGGTTC	0.188405797101449
GGTGACCTGGTGGTTATGGGATCTTGGGTA	0.181159420289855
CTGAGAGGCAGTAGGCTCAGGTACAGGGGT	0.173913043478261
CAGTTTCTGTGGGGTCAGGGACAGTGGACT	0.166666666666667
CTGTCACCACAGCTACTGGGTCTCTGGGGC	0.159420289855073
TCCTCTTTGGGGCATGCTGGGTCCAGGTGG	0.152173913043478
CAATCCCAGTTTCTTTGACCCCCTTGGAAA	0.144927536231884
CAGCCCATCAGTTTCTGTGGGGTCAGGGAC	0.13768115942029
GGCCTTGCACCTTCTCCTCCTCTTTGGGGC	0.130434782608696
AACTGGGATTGTGGTCTGCCCCCAGGGGCT	0.123188405797101
ACCAGTAACATGCCACTTGATTCTTGGCTT	0.115942028985507
GCCTTGCACCTTCTCCTCCTCTTTGGGGCA	0.108695652173913
TTGGCTTGGTGACCTGGTGGTTATGGGATC	0.101449275362319
CTGACCCCACAGAAACTGATGGGCTGGCAT	0.094202898550725
TTTCTGCTGGAAACTGAGGTGCCACGGGCC	0.086956521739131
CTTGGCTTGGTGACCTGGTGGTTATGGGAT	0.079710144927536
CATCGTCGTCCTCTGCAGACTGTCTGGGCT	0.072463768115942
GTTAGAGCTTGTTGTCACAGTGGTGGGGGG	0.065217391304348
TGGAAACTACTGAATTGTCTTCTTTGGAGA	0.057971014492754
CAGAAACTGATGGGCTGGCATTCTGGGCTT	0.05072463768116
TGCTTATTGCCTTGGTGGTGGTTTTGGCCC	0.043478260869565
TTCTCCTCCTCTTTGGGGCATGCTGGGTCC	0.036231884057971
GAATGCCAGCCCATCAGTTTCTGTGGGGTC	0.028985507246377
CACAGAACTGGTTGCTGTGGTAGCAGGGAG	0.021739130434783
AGTTTCCAAGGGGGTCAAAGAAACTGGGAT	0.014492753623188
TGGTGACAGGGGGACCACTGGTCTTGGAGC	0.007246376811594
ACAGAAACTGATGGGCTGGCATTCTGGGCT	0
TTCTTATAGCATAAAACATATCCATGGGGT	0.996389891696751
TGACAAAGACTTCTGTGTCCAGAAGGGCAA	0.992779783393502
CTTATAGCATAAAACATATCCATGGGGTTT	0.989169675090253
GATGAGACAGTTGATGACTTCTGGAGGATG	0.985559566787004
CCATTTATTTCAGAGAGTTCCACACGGTTA	0.981949458483755
TCTTATAGCATAAAACATATCCATGGGGTT	0.978339350180505
ATGTGTAGCAGAAATCTTATATCGCGGTGT	0.974729241877256
GACAGAGATGGATCCCAGCAGACAGGGTTG	0.971119133574007
TGTAACATTTATACTATTGTCTGTCGGCCG	0.967509025270758
TCAGGGGCCACTAAAAGAAACGATCGGTGA	0.963898916967509
ACCTGAGTCTGCATCTAAACCCCATGGATA	0.96028880866426
AACTATAGATTTATATGTACCACCAGGTGA	0.956678700361011
TTCCTAACCTGCAGTGGACGAGGATGGATG	0.953068592057762
TTTAGGGCCATTAGTTTCATAAGGAGGACC	0.949458483754512
AATACATTAATGCATCCTTTGTGATGGTAG	0.945848375451264
TCTTGCAGCTGGATCCCCACAACTAGGCTT	0.942238267148014
TTTGATAGGTCCGGACAAGGTCAATGGAAT	0.938628158844765
CATCAATGTAGCTGGCATTTATGTAGGTGG	0.935018050541516
ATCGTGTGACCATGACAATAACTGTGGCCT	0.931407942238267
CCAGAAATGATGATTGCTGCTCAGGGGCCA	0.927797833935018
TTGGAATGTCTCAGCTCAAAAGTTCGGAGA	0.924187725631769
CTGCACTTTCCAAGAGATTGAACAAGGCAC	0.92057761732852
GATGGGAAACTTGCTGAATACCCGTGGAAT	0.916967509025271
AGCTGGATCCCCACAACTAGGCTTAGGCGT	0.913357400722022
ATTTGTATCTTTCAGAGCATTCCACGGGTA	0.909747292418773
GCTACCTGGTATTCAGCCTCCAGAGGGGAG	0.906137184115523
GCGCAGAATACTGGCCAAGCATGGAGGAAG	0.902527075812274
CAGGCAGCTCTTCCCCTTTCCATGTGGTAC	0.898916967509025
TTTAATCAGATGATTATAACCGTGTGGAAC	0.895306859205776
AGCTAAGGCGACAGAGGTGTCTGATGGTGC	0.891696750902527
CTCTCTGAAATAAATGGAGATGCAGGGTCC	0.888086642599278
CCTTAGTGCTGGTGTTGGGCGTACAGGTAC	0.884476534296029
TCACACGATGTGAAGAAGGAAACAGGGTAA	0.88086642599278
AGAGGTGTCTGATGGTGCAAGTGGAGGTAC	0.877256317689531
CTTGTACTTAACTCCTAGGGCCCCGGGATG	0.873646209386281
GTTATAAATGTGCAGACAGATTTGGGGAGT	0.870036101083032
ACTTACATAGCTGCACACCACCCCAGGCCG	0.866425992779783
CCTTTCCATGTGGTACACTGGTACTGGTAC	0.862815884476534
TATGTTGTCAAGCTAAGGCGACAGAGGTGT	0.859205776173285
TTTGATCAGGGCTTCAAGGAACCCAGGAAA	0.855595667870036
AGGTGAGGGTCTTCAGGAACCCCATGGTCT	0.851985559566787
CCAATTCACCAGCTGGCCAGACCATGGGGT	0.848375451263538
TTTGTATCTTTCAGAGCATTCCACGGGTAT	0.844765342960289
GTCTTTACCTGCAGTGCACCACAATGGGAC	0.84115523465704
CCAGAAGTTTGAGCCACAAACCCATGGTCA	0.837545126353791
AGTACCAGTGTACCACATGGAAAGGGGAAG	0.833935018050542
CCCAGCATCGTACCTGGCTCACAGTGGAGT	0.830324909747293
CAGAAACGCCTAAGCCTAGTTGTGGGGATC	0.826714801444043
GCTTTGCGTAGAGACTTTACCACTTGGAAA	0.823104693140794
CATTAATGCATCCTTTGTGATGGTAGGTAC	0.819494584837545
AGACAATAGTATAAATGTTACATGTGGTCC	0.815884476534296
GACAGAGGTGTCTGATGGTGCAAGTGGAGG	0.812274368231047
ACTTGTACTTAACTCCTAGGGCCCCGGGAT	0.808664259927798
AAGGCCTGGAAGCAGAGGGCAAAGTGGATG	0.805054151624549
GAAGTCATCAACTGTCTCATCCCGGGGCCC	0.8014440433213
CCAGCATGGCATCAATTCCAATGTAGGTAC	0.797833935018051
TGTTGGGCGTACAGGTACCTACATTGGAAT	0.794223826714801
GAGTGTGGGTACCTACCATCACAAAGGATG	0.790613718411552
AATTCACCAGCTGGCCAGACCATGGGGTTC	0.787003610108303
TGAACAACAGGAACTCGTTGAAAGGGGTGA	0.783393501805054
ATCTTCCCATTGACATAGGCAAGTAGGGAC	0.779783393501805
TGCTACCTGGTATTCAGCCTCCAGAGGGGA	0.776173285198556
TCTGGAGGATGATCTGGGAGCAAAAGGCCA	0.772563176895307
TGTGATGTTGACAGAGTTAGTGAATGGAGA	0.768953068592058
AGCTGCCTGCAGAACCCAAAGACCTGGTGT	0.765342960288809
CACTTCACCTCGGATTGCAGAGGAAGGAGC	0.76173285198556
CTAGGAAGTCTGTGCTCAGTACTGGGGCGA	0.75812274368231
CATTGGAATTGATGCCATGCTGGAAGGCCT	0.754512635379062
TTGATGACTTCTGGAGGATGATCTGGGAGC	0.750902527075812
TGGAAAGTGCAGAAACAGAAGATGTGGTTG	0.747292418772563
AAGGTCAATGGAATGAAAACCTCCCGGCCG	0.743682310469314
TATGATCTGCGCAAGAAAAGATCCAGGTAA	0.740072202166065
TCCAGAAACGCCTAAGCCTAGTTGTGGGGA	0.736462093862816
TGACAGAGATGGATCCCAGCAGACAGGGTT	0.732851985559567
CCATGCTGGAAGGCCTGGAAGCAGAGGGCA	0.729241877256318
TCTTTACCTGCAGTGCACCACAATGGGACC	0.725631768953069
AAGGAAAGCAGACTTATGGAGACATGGAAG	0.72202166064982
TAGATGCTGGCGATGATGTCATAGAGGAAC	0.718411552346571
CAATGTAGCTGGCATTTATGTAGGTGGACC	0.714801444043321
GTTTGTTCCCTTAGTGCTGGTGTTGGGCGT	0.711191335740072
TCAGCTCAAAAGTTCGGAGAGTGTAGGCTG	0.707581227436823
TCATAGAGGAACTGGTATTGCTCCTGGTGA	0.703971119133574
CATTCATACCTGAAAGATGTCAGTTGGACA	0.700361010830325
CTCTTTTCACAATGGAGTGTACGAGGGAGA	0.696750902527076
AGTCTCTACGCAAAGCACGGCCTGGGGTGG	0.693140794223827
CAATTCACCAGCTGGCCAGACCATGGGGTT	0.689530685920578
TGACAGAGTTAGTGAATGGAGACCAGGTTT	0.685920577617329
TTGAGGTCCTGAATCATAGACACCAGGTCT	0.682310469314079
CTGTGTCCTCCAACTCCTGTATGAAGGAAG	0.67870036101083
CTGTGTCCAGAAGGGCAAATCCAAAGGCCA	0.675090252707581
CCTCTGCTTCCAGGCCTTCCAGCATGGCAT	0.671480144404332
TCTCCAGATATGACCATGGGTTTGTGGCTC	0.667870036101083
CTGGGGCGAAGGAAAGCAGACTTATGGAGA	0.664259927797834
AGCAGACTTATGGAGACATGGAAGTGGAGA	0.660649819494585
AGAAGTCATCAACTGTCTCATCCCGGGGCC	0.657039711191336
CCAGAAACGCCTAAGCCTAGTTGTGGGGAT	0.653429602888087
AGCAAAAGGCCACAGTTATTGTCATGGTCA	0.649819494584838
GGATCTCTCTTCTTCATGTTGTGTAGGCAT	0.646209386281589
CGTCGAAGTTTGAGGAGCAGGTGAGGGTCT	0.642599277978339
CTACCTGGTATTCAGCCTCCAGAGGGGAGG	0.63898916967509
AGTCTGTGCTCAGTACTGGGGCGAAGGAAA	0.635379061371841
TTTTGAGCTGAGACATTCCAAGGTAGGTAA	0.631768953068592
CAGGAGTTGGAGGACACAGCACATTGGAAA	0.628158844765343
AGGACCTCAAACAGAAGCTTCCCAAGGCTT	0.624548736462094
TACATGACTGCACACCAAAAGAAAAGGCTA	0.620938628158845
GTGTACCAGTACCAGTGTACCACATGGAAA	0.617328519855596
TGGCCAAGCATGGAGGAAGGCACTCGGGCT	0.613718411552347
TCTTCCCATTGACATAGGCAAGTAGGGACA	0.610108303249098
AGAATACTGGCCAAGCATGGAGGAAGGCAC	0.606498194945848
CAAAAGTTCGGAGAGTGTAGGCTGAGGCTC	0.602888086642599
CCTACATTGGAATTGATGCCATGCTGGAAG	0.59927797833935
CATGCATCCATCCTCGTCCACTGCAGGTTA	0.595667870036101
ACCCAGGAAATACATTGCTGCACAAGGTAA	0.592057761732852
AGAGAGAAATTGACATTCACCTGGTGGTAC	0.588447653429603
GGCTTTAGTGGAATACAATCAGTTTGGAGA	0.584837545126354
CAGTACCAGTGTACCACATGGAAAGGGGAA	0.581227436823105
ATACAAAAGGAAGATTGCTGATGAGGGCAG	0.577617328519856
ATGATGAAAAGCAGCTGATGGATGTGGAGC	0.574007220216606
GTTGATGACTTCTGGAGGATGATCTGGGAG	0.570397111913357
TAGAGACTTCCTTCATACAGGAGTTGGAGG	0.566787003610108
GGCCAAGCATGGAGGAAGGCACTCGGGCTT	0.563176895306859
TGTTTGTTCCCTTAGTGCTGGTGTTGGGCG	0.55956678700361
AGGCACAGAACAACCCTGTCTGCTGGGATC	0.555956678700361
CTGGTATTCAGCCTCCAGAGGGGAGGGGTC	0.552346570397112
CCTGGTATTCAGCCTCCAGAGGGGAGGGGT	0.548736462093863
TTATACTATTGTCTGTCGGCCGGGAGGTTT	0.545126353790614
CTCTACGCAAAGCACGGCCTGGGGTGGTGT	0.541516245487365
ACCTTGTGCAGCAATGTATTTCCTGGGTTC	0.537906137184115
AAGCTTCCCAAGGCTTCCCCAGAAGGGATG	0.534296028880867
ACTCTCTGAAATAAATGGAGATGCAGGGTC	0.530685920577617
CATACAAAAGGAAGATTGCTGATGAGGGCA	0.527075812274368
CTGGCGATGATGTCATAGAGGAACTGGTAT	0.523465703971119
AGTGGTCCCATTGTGGTGCACTGCAGGTAA	0.51985559566787
GTGACAAAGACTTCTGTGTCCAGAAGGGCA	0.516245487364621
GTGACTCATATCCAATTCACCAGCTGGCCA	0.512635379061372
CATGCTGGAAGGCCTGGAAGCAGAGGGCAA	0.509025270758123
CAGCTTCCTAACCTGCAGTGGACGAGGATG	0.505415162454874
GTCTATGGTTATGTTGTCAAGCTAAGGCGA	0.501805054151625
CAGAAGTCATCAACTGTCTCATCCCGGGGC	0.498194945848375
CACCCAGTGACCCCTCCCCTCTGGAGGCTG	0.494584837545126
AGCCCGAGTGCCTTCCTCCATGCTTGGCCA	0.490974729241877
ATGATGTAATCAGGACATCGTTTGTGGTCA	0.487364620938628
GCTCATCTCCAGTTCATGCTTAAGTGGCAC	0.483754512635379
ATCCACCCAGTGACCCCTCCCCTCTGGAGG	0.48014440433213
AGCAGAGGGCAAAGTGGATGTCTATGGTTA	0.476534296028881
GAAGCTTCCCAAGGCTTCCCCAGAAGGGAT	0.472924187725632
GTTTCAAGCTTTCCACCTCAAAACTGGTCA	0.469314079422383
AGACTCAGGTTTAGATACAGGCTCAGGCCA	0.465703971119134
ATCTAGGAAGTCTGTGCTCAGTACTGGGGC	0.462093862815885
CCCCATCAGCTTCCTAACCTGCAGTGGACG	0.458483754512635
GATGAACAACAGGAACTCGTTGAAAGGGGT	0.454873646209386
GCTAATACTTCAATTTGTTTGGAGTGGAAA	0.451263537906137
AGGGTCTTCAGGAACCCCATGGTCTGGCCA	0.447653429602888
ACTCTCCGTCGAAGTTTGAGGAGCAGGTGA	0.444043321299639
AAAGTCTCTACGCAAAGCACGGCCTGGGGT	0.44043321299639
GCTTGTGATACTTCATCCCTTCTGGGGAAG	0.436823104693141
AGACACCAGGTCTTTGGGTTCTGCAGGCAG	0.433212996389892
AGACTTCCTTCATACAGGAGTTGGAGGACA	0.429602888086643
GCAACTTCTTCAGTGGTCCCATTGTGGTGC	0.425992779783394
TTACAGATGATGAAAAGCAGCTGATGGATG	0.422382671480144
CTGTAGAACAAGTGCGCAGAATACTGGCCA	0.418772563176895
ACAGAGTGCCACTTAAGCATGAACTGGAGA	0.415162454873646
CCGTCGAAGTTTGAGGAGCAGGTGAGGGTC	0.411552346570397
TCTGGACACAGAAGTCTTTGTCACAGGTAA	0.407942238267148
TGTCATGGTCACACGATGTGAAGAAGGAAA	0.404332129963899
TCACAGGGAAGAATGTCAACATAACGGTTT	0.40072202166065
GTGTCCCTACTTGCCTATGTCAATGGGAAG	0.397111913357401
CCATGGTCTGGCCAGCTGGTGAATTGGATA	0.393501805054152
AGATGCAGACTCAGGTTTAGATACAGGCTC	0.389891696750903
AAGATTGTCACCTATGGTTGTGCTTGGAGG	0.386281588447653
TCCAAAATGCTAAGTGTGGAAATGAGGATT	0.382671480144404
GTCAATGGGAAGATTCAAAGAAATGGGACT	0.379061371841155
TCCATGGGGTTTAGATGCAGACTCAGGTTT	0.375451263537906
AAGGCACAGAACAACCCTGTCTGCTGGGAT	0.371841155234657
GTGGTAAAGTCTCTACGCAAAGCACGGCCT	0.368231046931408
CAAAGATGTCCAAAATGCTAAGTGTGGAAA	0.364620938628159
GGTTTTAGGGCCATTAGTTTCATAAGGAGG	0.36101083032491
GGTCAGTGCTTGCAAGGCCCAGAGTGGATG	0.357400722021661
TCTAGGAAGTCTGTGCTCAGTACTGGGGCG	0.353790613718412
TCAACTGTCTCATCCCGGGGCCCTAGGAGT	0.350180505415162
TGTTTTATGCTATAAGAACAATTCAGGTAA	0.346570397111913
TTGCTGATGAGGGCAGACTGTTCCTGGCTG	0.342960288808664
TCTTCCCCTTTCCATGTGGTACACTGGTAC	0.339350180505415
GATGTCACAATAATCAGAAACACCAGGAAT	0.335740072202166
TGGTATTCAGCCTCCAGAGGGGAGGGGTCA	0.332129963898917
TAAAAGTCTGATTACTAGATTCATAGGTGT	0.328519855595668
CCTCCCCTCTGGAGGCTGAATACCAGGTAG	0.324909747292419
TTTTCTTAGAGACTTCCTTCATACAGGAGT	0.32129963898917
ACCAGAAATGATGATTGCTGCTCAGGGGCC	0.317689530685921
ACACTGGTACTGGTACACAGTTCTGGGCTC	0.314079422382671
AACCAGAAATGATGATTGCTGCTCAGGGGC	0.310469314079422
TGAGTAGAAAAAAGAAAAAGCAACTGGAAG	0.306859205776173
CTAAAAGAAACGATCGGTGACTTTTGGCAG	0.303249097472924
GTCACACGATGTGAAGAAGGAAACAGGGTA	0.299638989169675
AGTGTCCCTACTTGCCTATGTCAATGGGAA	0.296028880866426
CTCCAGAGGGGAGGGGTCACTGGGTGGATC	0.292418772563177
AATTCACAGTAATGTTCCCAAACATGGCAG	0.288808664259928
TTCCAACAAAATGTCAGAATGGATTGGCTC	0.285198555956679
AGCCTCCAGAGGGGAGGGGTCACTGGGTGG	0.28158844765343
AGATTTTATACAAAACAACAAGCAAGGCTA	0.27797833935018
GCATTAACTCTCCGTCGAAGTTTGAGGAGC	0.274368231046931
TTGTCACCTATGGTTGTGCTTGGAGGGTCA	0.270758122743682
CGGGATGAGACAGTTGATGACTTCTGGAGG	0.267148014440433
AGTGCTTGCAAGGCCCAGAGTGGATGGTGT	0.263537906137184
ATTGTCACCTATGGTTGTGCTTGGAGGGTC	0.259927797833935
CAAGAAGAAAATAAGAAGAAGAACAGGAAT	0.256317689530686
ATGAACAACAGGAACTCGTTGAAAGGGGTG	0.252707581227437
ATGCTAAAGCACTGATTATATTCCTGGTGT	0.249097472924188
GTGCTTGGAGGGTCAGTGCTTGCAAGGCCC	0.245487364620939
AGAGTGGATGGTGTAAGAGTTGTGAGGCTG	0.24187725631769
CACTGACCCTCCAAGCACAACCATAGGTGA	0.23826714801444
GTTCAGCTTCTGAATGATGTAATCAGGACA	0.234657039711191
AGGCACAGTATATCCTGATTCATCAGGCTT	0.231046931407942
AGCTACCACAACGAAGCAAACATGTGGTAA	0.227436823104693
TTCACAGCAATTTAGATGAACAACAGGAAC	0.223826714801444
TGTCAATGGGAAGATTCAAAGAAATGGGAC	0.220216606498195
ACATTTATACTATTGTCTGTCGGCCGGGAG	0.216606498194946
CAAAGGATGCATTAATGTATTTGCTGGTTT	0.212996389891697
TACACTGGTACTGGTACACAGTTCTGGGCT	0.209386281588448
ACTTACCACATGTTTGCTTCGTTGTGGTAG	0.205776173285199
TGTTATAAATGTGCAGACAGATTTGGGGAG	0.202166064981949
CTGCTACACATGTGTAATTTGTTTGGGCAC	0.1985559566787
TCTGCTACACATGTGTAATTTGTTTGGGCA	0.194945848375451
CACAACTCTTACACCATCCACTCTGGGCCT	0.191335740072202
CCAAAGACCTGGTGTCTATGATTCAGGACC	0.187725631768953
CCATGGGTTTGTGGCTCAAACTTCTGGCCT	0.184115523465704
ATACATTACTTACATCAATGTAGCTGGCAT	0.180505415162455
GCAGACTGTTCCTGGCTGAATTTCAGGTAT	0.176895306859206
CCAGTACCAGTGTACCACATGGAAAGGGGA	0.173285198555957
TATTCCACTAAAGCCTGATGAATCAGGATA	0.169675090252708
CCTCACCTGCTCCTCAAACTTCGACGGAGA	0.166064981949459
AGTGCGCAGAATACTGGCCAAGCATGGAGG	0.162454873646209
ATGTGGTCCTCCTTATGAAACTAATGGCCC	0.15884476534296
TAGGGACACTTCATAGTATTTATAAGGTTT	0.155234657039711
CATTTATACTATTGTCTGTCGGCCGGGAGG	0.151624548736462
TTCATATGTACTCCACTGTGAGCCAGGTAC	0.148014440433213
TTCTGGCCTTTGGATTTGCCCTTCTGGACA	0.144404332129964
GAAGCCTTGGGAAGCTTCTGTTTGAGGTCC	0.140794223826715
TATGTTTCCAACAAAATGTCAGAATGGATT	0.137184115523466
TTCTTTGAATCTTCCCATTGACATAGGCAA	0.133574007220217
CTGAATCATAGACACCAGGTCTTTGGGTTC	0.129963898916968
CATGTGTAATTTGTTTGGGCACGAAGGTTG	0.126353790613718
TGCTTGTGATACTTCATCCCTTCTGGGGAA	0.122743682310469
AAAAGGCTAATACTTCAATTTGTTTGGAGT	0.11913357400722
CCCACAACTAGGCTTAGGCGTTTCTGGAAC	0.115523465703971
CCTGAATCATAGACACCAGGTCTTTGGGTT	0.111913357400722
TGGATGGTGTAAGAGTTGTGAGGCTGGCAC	0.108303249097473
CAGGAACCCCATGGTCTGGCCAGCTGGTGA	0.104693140794224
CAGCCTCCAGAGGGGAGGGGTCACTGGGTG	0.101083032490975
ATGCTTGTGATACTTCATCCCTTCTGGGGA	0.097472924187726
AAGTCTCTACGCAAAGCACGGCCTGGGGTG	0.093862815884477
AAGGTTGTCCAACTGACATCTTTCAGGTAT	0.090252707581227
TTTTTATTCTGATTGTGGGGCTTTCGGGCA	0.086642599277978
ATCATCTGAAGACTCATCTGATTCAGGCTC	0.083032490974729
ATGTTATAAATGTGCAGACAGATTTGGGGA	0.07942238267148
TGTTCTGTGCCTTGTTCAATCTCTTGGAAA	0.075812274368231
TCACAACTCTTACACCATCCACTCTGGGCC	0.072202166064982
TACCTTGTGCAGCAATGTATTTCCTGGGTT	0.068592057761733
GTGGGGCTTTCGGGCATCTTTGATGGGAAA	0.064981949458484
ATATCCTGATTCATCAGGCTTTAGTGGAAT	0.061371841155235
GCTGCAAGAAAAACGTTAGTCTCTTGGCCT	0.057761732851986
TGTGGGGCTTTCGGGCATCTTTGATGGGAA	0.054151624548737
CCCCTGAGCAGCAATCATCATTTCTGGTTT	0.050541516245488
GGTTTTCATTCCATTGACCTTGTCCGGACC	0.046931407942238
TTTTATTCTGATTGTGGGGCTTTCGGGCAT	0.043321299638989
GAATTGATGCCATGCTGGAAGGCCTGGAAG	0.03971119133574
TCCTCATTTCCACACTTAGCATTTTGGACA	0.036101083032491
CCGTGTGGAACTCTCTGAAATAAATGGAGA	0.032490974729242
ACATCCACTTTGCCCTCTGCTTCCAGGCCT	0.028880866425993
TTTGAGGAGCAGGTGAGGGTCTTCAGGAAC	0.025270758122744
ACTATTCAACTGACTATGAGTTTCTGGTAA	0.021660649819495
CACCTCAAAACTGGTCACATTATTAGGCAA	0.018050541516246
AGTAATGTTCCCAAACATGGCAGCTGGAAA	0.014440433212996
CACTTCTGACTACCAAAATGTAAAAGGTTT	0.010830324909747
CTTCATCCCTTCTGGGGAAGCCTTGGGAAG	0.007220216606498
TTTGTGGCTCAAACTTCTGGCCTTTGGATT	0.003610108303249
ACTTCATCCCTTCTGGGGAAGCCTTGGGAA	0
GTTGTTGCAGTTGGATATAGACCACGGAGA	0.99581589958159
GAAGGGAAAGGACCAAGGGCCAAGGGGTCA	0.99163179916318
TGTTCAATGAAGGGAAAGGACCAAGGGCCA	0.98744769874477
CCTAGGCAGATCAGGCTCAGCGGAAGGCAC	0.98326359832636
TGAAGGGAAAGGACCAAGGGCCAAGGGGTC	0.97907949790795
GTCAGGGTCAAGTGGAGATCCAGATGGAAA	0.97489539748954
CTGGGGTCTGTTCAATGAAGGGAAAGGACC	0.97071129707113
ATCCAGGCCAAGACCCAAACCCAGCGGGCC	0.96652719665272
CTCAGATATCCAGGTGATGCTAAGTGGCTC	0.96234309623431
CCCACCTAGGCAGATCAGGCTCAGCGGAAG	0.9581589958159
TGGTTCTGGGGTCTGTTCAATGAAGGGAAA	0.95397489539749
AAGTGGCTCCAATTCCAAGTGTCAGGGTCA	0.94979079497908
CAGGTCTTCTGCCAAGGATCTCCGTGGTCT	0.94560669456067
TCCAGCCCAAGGTTCAGAGCCGCCTGGTCG	0.941422594142259
CACCCAGCGTTCCCAGCAGGTATGTGGCAG	0.937238493723849
TGCAGTGTGCAAACAGCTGAGATGTGGTGA	0.933054393305439
TTGGATATAGACCACGGAGATCCTTGGCAG	0.928870292887029
CACAGGTGTGGTGGAATTCTACAATGGCAG	0.924686192468619
TATGTGGCAGCCAGCAGCACTTCGTGGGAG	0.920502092050209
CACACACTGCTGCCCCCGACCAGGCGGCTC	0.916317991631799
TACAGCAGTGCTTCCAGAAAACAACGGCCC	0.912133891213389
GCCAATTCGATGGGAGGCCCCGAACGGGAG	0.907949790794979
GCTGCTGGCTGCCACATACCTGCTGGGAAC	0.903765690376569
TCTCCTGGGCACAGAGGAACCCGGGGGAGG	0.899581589958159
CTGTAGTGAGACACAGCTCCCGTTCGGGGC	0.895397489539749
TCCTGGCACCAGCTGCAATCTGGGAGGAGC	0.891213389121339
CCGCTGAGCCTGATCTGCCTAGGTGGGTGA	0.887029288702929
TCATCCTGACCCTTGTACTCCTGGTGGTGC	0.882845188284519
TGCTGCTGGCTGCCACATACCTGCTGGGAA	0.878661087866109
AGAGACTTACAGATGAGGTTCCCCAGGCCC	0.874476987447699
CCTTCCGCTGAGCCTGATCTGCCTAGGTGG	0.870292887029289
AAAACAGTGTGCAGTTCCAGTTGGAGGCTG	0.866108786610879
CAGATCAGGCTCAGCGGAAGGCACTGGTCT	0.861924686192469
TCCGCTGAGCCTGATCTGCCTAGGTGGGTG	0.857740585774059
CAGCGGGCCTGGCCCCAGGCACTGTGGCAA	0.853556485355649
ACAGATGAGGTTCCCCAGGCCCAGGGGCCT	0.849372384937239
TCTTGTAGACCAGAGGACCACACATGGCCA	0.845188284518829
AACAGCTGAGATGTGGTGACCCCTTGGCCC	0.841004184100418
GTTTGCACACTGCAGAGGCCTGCTGGGCAT	0.836820083682008
CCAGCAGCACCACCAGGAGTACAAGGGTCA	0.832635983263598
CACGGAGATCCTTGGCAGAAGACCTGGTTC	0.828451882845188
GTGGCGACCTCATCTCCTTCCACACGGTGG	0.824267782426778
AGGCCACCCCTTCCAGACTGTCCGAGGCAG	0.820083682008368
CTTCACCAGCTTCTTGTAGACCAGAGGACC	0.815899581589958
CCACACTGCAGAGACTTACAGATGAGGTTC	0.811715481171548
GCCTGTCCTTGGCCTTGTAGAGGATGGTGC	0.807531380753138
GTGGAGATCCAGATGGAAAACAAGTGGAAA	0.803347280334728
ATTGCAGCTGGTGCCAGGACACGAAGGCCT	0.799163179916318
CTGCAGCCAGGGGCCGGGGACGGTGGGAAG	0.794979079497908
AGAGCTATGTCGGGAGCAGCAGTGTGGCGA	0.790794979079498
GGGGACGGTGGGAAGAGCTATGTCGGGAGC	0.786610878661088
TGGTCGGGGGCAGCAGTGTGTGTGAGGGCA	0.782426778242678
AGTCCAGCTTACCAGAGCAGATGACGGTGA	0.778242677824268
CATCTGTCCGGGACAGAGGCAGCAGGGACA	0.774058577405858
CTTCCAGAAAACAACGGCCCAGGAGGGCGG	0.769874476987448
TGAGACAGCTTCTCCTGGGCACAGAGGAAC	0.765690376569038
TACAAGAAGCTGGTGAAGAAATGTAGGTAC	0.761506276150628
GGATGATGCTTGCCACAGTGCCTGGGGCCA	0.757322175732218
AAGGCCTGAGGTGCACAGGTGTGGTGGAAT	0.753138075313808
CCTCATCTGTAAGTCTCTGCAGTGTGGCTC	0.748953974895398
CATCGAAGCCACACAGCAACTGTGCGGTCC	0.744769874476988
CCCCTGGCTGCAGAACTGTCACACAGGGCC	0.740585774058577
GCCAGCAGCACCACCAGGAGTACAAGGGTC	0.736401673640167
CCTGTGTGACAGTTCTGCAGCCAGGGGCCG	0.732217573221757
CTGTTCAATGAAGGGAAAGGACCAAGGGCC	0.728033472803347
TGCCACATACCTGCTGGGAACGCTGGGTGA	0.723849372384937
GCTTTCTGCCTCGGACAGTCTGGAAGGGGT	0.719665271966527
CCCTGGCTGCAGAACTGTCACACAGGGCCT	0.715481171548117
TGGAAAACAGTGTGCAGTTCCAGTTGGAGG	0.711297071129707
GCTTCCAGAAAACAACGGCCCAGGAGGGCG	0.707112970711297
ATGTGGCAGCCAGCAGCACTTCGTGGGAGT	0.702928870292887
AGGACACGAAGGCCTGAGGTGCACAGGTGT	0.698744769874477
TCCTTGGCAGAAGACCTGGTTCTGGGGTCT	0.694560669456067
GTGGATGCTGACAAAACCTCCCCCGGGTTC	0.690376569037657
TGGTGGAATTCTACAATGGCAGCTGGGGTG	0.686192468619247
CTACAAGGCCAAGGACAGGCCCCTGGGCCT	0.682008368200837
CTTCATTGAACAGACCCCAGAACCAGGTCT	0.677824267782427
AATGGTCCTGGCTCAGCCTCCAACTGGAAC	0.673640167364017
ATCTCAGCTGTTTGCACACTGCAGAGGCCT	0.669456066945607
GCTGAAGTGCGCCAGAGATCACAGTGGGAG	0.665271966527197
CTGGTGCCAGGACACGAAGGCCTGAGGTGC	0.661087866108787
CCACACATGGCCAGCAGCACCACCAGGAGT	0.656903765690377
CAAGGTTCAGAGCCGCCTGGTCGGGGGCAG	0.652719665271967
GCTGGGGTGGCACCATCCTCTACAAGGCCA	0.648535564853557
CCTGGTGGTGCTGCTGGCCATGTGTGGTCC	0.644351464435147
GCCCAAGGTTCAGAGCCGCCTGGTCGGGGG	0.640167364016737
CTGAAGTGCGCCAGAGATCACAGTGGGAGG	0.635983263598326
TTTCTGCCTCGGACAGTCTGGAAGGGGTGG	0.631799163179916
CCAATTCCAAGTGTCAGGGTCAAGTGGAGA	0.627615062761506
ACCCACCACCGTGCCGGAGCCCACAGGTAA	0.623430962343096
GGTAACACTGAGACAGCTTCTCCTGGGCAC	0.619246861924686
GCATCCACCGTGTGGAAGGAGATGAGGTCG	0.615062761506276
AGAGACTCACCCAGCGTTCCCAGCAGGTAT	0.610878661087866
CTGCCTCGGACAGTCTGGAAGGGGTGGCCT	0.606694560669456
CCATGGACTCCCACGAAGTGCTGCTGGCTG	0.602510460251046
ACGAAGGCCTGAGGTGCACAGGTGTGGTGG	0.598326359832636
CTGGTGTCCCTGCTGCCTCTGTCCCGGACA	0.594142259414226
GGAATTCTACAATGGCAGCTGGGGTGGCAC	0.589958158995816
AGGGGCCTGTCCTTGGCCTTGTAGAGGATG	0.585774058577406
AGCACCACCAGGAGTACAAGGGTCAGGATG	0.581589958158996
GCTCCTGCAGAGCTGAGGGACCCCAGGCCC	0.577405857740586
CATTATCACCCACCTAGGCAGATCAGGCTC	0.573221757322176
GGTGGAATTCTACAATGGCAGCTGGGGTGG	0.569037656903766
CTGCCACATACCTGCTGGGAACGCTGGGTG	0.564853556485356
TTCTCCTGGGCACAGAGGAACCCGGGGGAG	0.560669456066946
GCGACCTCATCTCCTTCCACACGGTGGATG	0.556485355648536
TCACACACACTGCTGCCCCCGACCAGGCGG	0.552301255230126
CCTCCCCCGGGTTCCTCTGTGCCCAGGAGA	0.548117154811715
GGTCGGGGGCAGCAGTGTGTGTGAGGGCAT	0.543933054393306
TGCTGCTGGCCATGTGTGGTCCTCTGGTCT	0.539748953974895
GCTTCTCCTGGGCACAGAGGAACCCGGGGG	0.535564853556486
GTGGTCCTCTGGTCTACAAGAAGCTGGTGA	0.531380753138075
TCCAGGCCAAGACCCAAACCCAGCGGGCCT	0.527196652719665
TGTGGGCTCCGGCACGGTGGTGGGTGGGGT	0.523012552301255
CCCGACCAGGCGGCTCTGAACCTTGGGCTG	0.518828451882845
GAGATGTGGTGACCCCTTGGCCCTTGGTCC	0.514644351464435
GGCTCTTTCTTGACACATCTGTCCGGGACA	0.510460251046025
AGTTCTGCAGCCAGGGGCCGGGGACGGTGG	0.506276150627615
CTGGTTCTGGGGTCTGTTCAATGAAGGGAA	0.502092050209205
GGATCTCCACTTGACCCTGACACTTGGAAT	0.497907949790795
CGGGGACGGTGGGAAGAGCTATGTCGGGAG	0.493723849372385
TACAGATGAGGTTCCCCAGGCCCAGGGGCC	0.489539748953975
ATCCTTGGCAGAAGACCTGGTTCTGGGGTC	0.485355648535565
CCAAGGTTCAGAGCCGCCTGGTCGGGGGCA	0.481171548117155
CACCAGCTGCAATCTGGGAGGAGCTGGAGA	0.476987447698745
AATTCCACCACACCTGTGCACCTCAGGCCT	0.472803347280335
TCCTTTCTGCAGATTTCCAGCCCAAGGTTC	0.468619246861925
TGGTAACACTGAGACAGCTTCTCCTGGGCA	0.464435146443515
GTGGCACCATCCTCTACAAGGCCAAGGACA	0.460251046025105
CCCCGACCAGGCGGCTCTGAACCTTGGGCT	0.456066945606695
AGTGCTTCCAGAAAACAACGGCCCAGGAGG	0.451882845188285
TCTTGACACATCTGTCCGGGACAGAGGCAG	0.447698744769875
ACCTGTGGGCTCCGGCACGGTGGTGGGTGG	0.443514644351465
ACCCCAGGCCCTTGCCAATTCGATGGGAGG	0.439330543933054
ACTTGGGACCGCACAGTTGCTGTGTGGCTT	0.435146443514644
GGTGGATGCTGACAAAACCTCCCCCGGGTT	0.430962343096234
CTTCTCCTGGGCACAGAGGAACCCGGGGGA	0.426778242677824
CCACTTGACCCTGACACTTGGAATTGGAGC	0.422594142259414
TGTGGGTGGAGGTGTCGTTCTCTGGGGCTC	0.418410041841004
GTAGTGAGACACAGCTCCCGTTCGGGGCCT	0.414225941422594
CCAGGCGCTCACCGTCATCTGCTCTGGTAA	0.410041841004184
GATCCTTGGCAGAAGACCTGGTTCTGGGGT	0.405857740585774
CCAATTCGATGGGAGGCCCCGAACGGGAGC	0.401673640167364
CCCTTGTACTCCTGGTGGTGCTGCTGGCCA	0.397489539748954
CGACATAGCTCTTCCCACCGTCCCCGGCCC	0.393305439330544
TCTACAAGGCCAAGGACAGGCCCCTGGGCC	0.389121338912134
TGGCTCTTTCTTGACACATCTGTCCGGGAC	0.384937238493724
CGGGGCCTCCCATCGAATTGGCAAGGGCCT	0.380753138075314
TGTGACAGTTCTGCAGCCAGGGGCCGGGGA	0.376569037656904
TCTTACCTGTGGGCTCCGGCACGGTGGTGG	0.372384937238494
TTACAGATGAGGTTCCCCAGGCCCAGGGGC	0.368200836820084
CCCAAGGTTCAGAGCCGCCTGGTCGGGGGC	0.364016736401674
CCCGTTCGGGGCCTCCCATCGAATTGGCAA	0.359832635983264
GCTCTTCCCACCGTCCCCGGCCCCTGGCTG	0.355648535564854
TGTGCACCTCAGGCCTTCGTGTCCTGGCAC	0.351464435146444
ACCATCCTCTACAAGGCCAAGGACAGGCCC	0.347280334728033
AGGACCATTCGAAAAATGCCCAGCAGGCCT	0.343096234309623
TTACTGTTCTGGTTCACTCCTGTGGGGCCA	0.338912133891213
TAAGTGGCTCCAATTCCAAGTGTCAGGGTC	0.334728033472803
CCCTCTTACCTGTGGGCTCCGGCACGGTGG	0.330543933054393
GTGGGCTCCGGCACGGTGGTGGGTGGGGTG	0.326359832635983
TGTAGTGAGACACAGCTCCCGTTCGGGGCC	0.322175732217573
GTGTCCTGGCACCAGCTGCAATCTGGGAGG	0.317991631799163
AAGTGCGCCAGAGATCACAGTGGGAGGCCC	0.313807531380753
ACCCCAGAACCAGGTCTTCTGCCAAGGATC	0.309623430962343
CCTGGGCACAGAGGAACCCGGGGGAGGTTT	0.305439330543933
GACCCCAGGCCCTTGCCAATTCGATGGGAG	0.301255230125523
GAGCACCCTCTTACCTGTGGGCTCCGGCAC	0.297071129707113
GCAGCGTCAGTGGATTGGCCCCACAGGAGT	0.292887029288703
GAATTGGAGCCACTTAGCATCACCTGGATA	0.288702928870293
ACCAGGCGGCTCTGAACCTTGGGCTGGAAA	0.284518828451883
ACAGTGCCTGGGGCCAGGCCCGCTGGGTTT	0.280334728033473
CCCTGTGTGACAGTTCTGCAGCCAGGGGCC	0.276150627615063
GCATCATCCTGACCCTTGTACTCCTGGTGG	0.271966527196653
CACAGGGCCTCCCACTGTGATCTCTGGCGC	0.267782426778243
CTTTCTGCCTCGGACAGTCTGGAAGGGGTG	0.263598326359833
AGGCCCGAGCACCCTCTTACCTGTGGGCTC	0.259414225941423
CCAGAGCAGATGACGGTGAGCGCCTGGCCG	0.255230125523013
TCCCATCGAATTGGCAAGGGCCTGGGGTCC	0.251046025104602
CCAGCAGCACTTCGTGGGAGTCCATGGATA	0.246861924686192
GCCCTGTGTGACAGTTCTGCAGCCAGGGGC	0.242677824267782
ATGAAGGGAAAGGACCAAGGGCCAAGGGGT	0.238493723849372
CAACCACCCCACCCACCACCGTGCCGGAGC	0.234309623430962
CTTACTGTTCTGGTTCACTCCTGTGGGGCC	0.230125523012552
GTTCGTCAGAAAAAGCAGCGTCAGTGGATT	0.225941422594142
GGTGGTGGGTGGGGTGGTTGTGGGTGGAGG	0.221757322175732
CCAGGCCCTTGCCAATTCGATGGGAGGCCC	0.217573221757322
ACTTACTGTTCTGGTTCACTCCTGTGGGGC	0.213389121338912
AAACAACGGCCCAGGAGGGCGGCCAGGCGC	0.209205020920502
GGGGTCCCTCAGCTCTGCAGGAGCTGGTGT	0.205020920502092
GGGACACCAGCTCCTGCAGAGCTGAGGGAC	0.200836820083682
TTTTGTCAGCATCCACCGTGTGGAAGGAGA	0.196652719665272
CACGGTGGTGGGTGGGGTGGTTGTGGGTGG	0.192468619246862
CGTGTCCTGGCACCAGCTGCAATCTGGGAG	0.188284518828452
CCAGAAAACAACGGCCCAGGAGGGCGGCCA	0.184100418410042
TCAGAAAAAGCAGCGTCAGTGGATTGGCCC	0.179916317991632
CGCACAGTTGCTGTGTGGCTTCGATGGAAA	0.175732217573222
CTCCAGCTCCTCCCAGATTGCAGCTGGTGC	0.171548117154812
CTTGTGAACTTGTGTTGTTGCAGTTGGATA	0.167364016736402
TGGGCTCCGGCACGGTGGTGGGTGGGGTGG	0.163179916317992
CCTGGGGCCAGGCCCGCTGGGTTTGGGTCT	0.158995815899582
GTGACAGTTCTGCAGCCAGGGGCCGGGGAC	0.154811715481172
TACCTGTGGGCTCCGGCACGGTGGTGGGTG	0.150627615062761
GCTCCGGCACGGTGGTGGGTGGGGTGGTTG	0.146443514644351
CGCTCCTGGGAACACTTACTGTTCTGGTTC	0.142259414225941
ACGGTGAGCGCCTGGCCGCCCTCCTGGGCC	0.138075313807531
TTGTGGGTGGAGGTGTCGTTCTCTGGGGCT	0.133891213389121
TCTGCAGCCAGGGGCCGGGGACGGTGGGAA	0.129707112970711
CGGTGAGCGCCTGGCCGCCCTCCTGGGCCG	0.125523012552301
CAGGATGATGCTTGCCACAGTGCCTGGGGC	0.121338912133891
TGACAGTTCTGCAGCCAGGGGCCGGGGACG	0.117154811715481
GGACACCAGCTCCTGCAGAGCTGAGGGACC	0.112970711297071
TCGGGGCCTCCCATCGAATTGGCAAGGGCC	0.108786610878661
GCCAAGGACAGGCCCCTGGGCCTGGGGAAC	0.104602510460251
GCCTGGGGCCAGGCCCGCTGGGTTTGGGTC	0.100418410041841
TGTTTGCACACTGCAGAGGCCTGCTGGGCA	0.096234309623431
CCTCCCATCGAATTGGCAAGGGCCTGGGGT	0.092050209205021
AGGATGATGCTTGCCACAGTGCCTGGGGCC	0.087866108786611
GGGCCTGGGGTCCCTCAGCTCTGCAGGAGC	0.083682008368201
CAGAAAAAAAAACACTGCAACAAGAGGGTA	0.079497907949791
GCCCGCTGGGTTTGGGTCTTGGCCTGGATA	0.075313807531381
CACAGTGCCTGGGGCCAGGCCCGCTGGGTT	0.071129707112971
AGGCCAAGGACAGGCCCCTGGGCCTGGGGA	0.066945606694561
ACATCTGTCCGGGACAGAGGCAGCAGGGAC	0.062761506276151
GCCAAGACCCAAACCCAGCGGGCCTGGCCC	0.058577405857741
AGCGGCTTTCTGCCTCGGACAGTCTGGAAG	0.054393305439331
CCCAAACCCAGCGGGCCTGGCCCCAGGCAC	0.050209205020921
GCACGGTGGTGGGTGGGGTGGTTGTGGGTG	0.046025104602511
TCCCCAGGCCCAGGGGCCTGTCCTTGGCCT	0.041841004184101
CTCCCATCGAATTGGCAAGGGCCTGGGGTC	0.037656903765691
GCCAGGCCCGCTGGGTTTGGGTCTTGGCCT	0.03347280334728
CGGACAGTCTGGAAGGGGTGGCCTAGGTAA	0.02928870292887
TCCTCCCAGATTGCAGCTGGTGCCAGGACA	0.02510460251046
GGCCAAGGACAGGCCCCTGGGCCTGGGGAA	0.02092050209205
GTGGTGGAATTCTACAATGGCAGCTGGGGT	0.01673640167364
ATGCTTGCCACAGTGCCTGGGGCCAGGCCC	0.01255230125523
GCAGTTCCAGTTGGAGGCTGAGCCAGGACC	0.00836820083682
GTTGTGGGTGGAGGTGTCGTTCTCTGGGGC	0.00418410041841
CTTTTCCACAGCGGCTTTCTGCCTCGGACA	0
CCGAGATATGAGCCGCGGGCGCGGTGGATG	0.994082840236687
GCGGCGCTGATCACCAAACACAAGTGGGAG	0.988165680473373
AGACCTGAAGATAAAGTCACCCTGAGGTGC	0.982248520710059
CCCTGGCTCCGACTCAGACCCGCGCGGGTG	0.976331360946746
AGGGCAATGAGCAGAGTTTCCGAGTGGACC	0.970414201183432
GCGGGCGCGGTGGATGGAGCAGGAGGGGCC	0.964497041420118
CAGAGAGACTCAGGGCCTACCTGGAGGGCA	0.958579881656805
AAATCTTCCACACAGATTCCCCAAAGGCCC	0.952662721893491
CTCCCGGCCCGGTACTCACCCGCGCGGGTC	0.946745562130177
TAGGCGTACTGCTGGTACCCGCGGAGGAGT	0.940828402366864
CACGTAGCCGACTTCCATGTACCGGGGCTC	0.93491124260355
CCCGGTACATGGAAGTCGGCTACGTGGACG	0.928994082840237
CTCGGAAACTCTGCTCATTGCCCTTGGCTT	0.923076923076923
AGGCTGGTGAAGCAGAGAGACTCAGGGCCT	0.91715976331361
CGCGGGTCTGAGTCGGAGCCAGGGCGGCCG	0.911242603550296
CCACCACAGATGCCCACTTCTGGAAGGTTC	0.905325443786982
TGAACGAAGACCTGAAAACGTGGACGGCGG	0.899408284023669
CACCAGCCTGCTCCCACTTGTGTTTGGTGA	0.893491124260355
CCACGTAGCCGACTTCCATGTACCGGGGCT	0.887573964497041
TGCTCTGGTTGTAGTAGCCGAGCAGGGTCC	0.881656804733728
CAGGAGGGGCCCGAGTATTGGGAGCGGGAG	0.875739644970414
GCGGAGAATCCGAGATATGAGCCGCGGGCG	0.869822485207101
TCTGGCTGTGAAGTGGGGTCCGACGGGCGA	0.863905325443787
CGGCGCTGATCACCAAACACAAGTGGGAGC	0.857988165680473
TGATCACCAAACACAAGTGGGAGCAGGCTG	0.85207100591716
ACTTCCATGTACCGGGGCTCCCCGAGGCCG	0.846153846153846
CGGGTACCAGCAGTACGCCTACGACGGCTG	0.840236686390533
CCGAGCAGGGTCCTCAGGTCCACTCGGAAA	0.834319526627219
GTGACGAAATACCTCAGCGAGTGTGGGCCT	0.828402366863905
AAGCAGAGAGACTCAGGGCCTACCTGGAGG	0.822485207100592
TCGTAGGCGTACTGCTGGTACCCGCGGAGG	0.816568047337278
TCCACGTAGCCGACTTCCATGTACCGGGGC	0.810650887573964
TCTGTGTCTCCCGCTCCCAATACTCGGGCC	0.804733727810651
CAGGTCTGCTGTGATGGGTCACATGGGCCT	0.798816568047337
GGGCCTACCTGGAGGGCACGTGCGTGGAGT	0.792899408284024
ATGGAGCAGGAGGGGCCCGAGTATTGGGAG	0.78698224852071
CCTGGCTCCGACTCAGACCCGCGCGGGTGA	0.781065088757397
CGGGGAGCCCCGGTACATGGAAGTCGGCTA	0.775147928994083
GCGTTCCCGTTCTTCAGGTATCTGCGGAGC	0.769230769230769
CGCCAACAGCAGGAGCAGCGTGCACGGTAC	0.763313609467456
CCGAGTGGACCTGAGGACCCTGCTCGGCTA	0.757396449704142
TGCTCGGCTACTACAACCAGAGCAAGGGCG	0.751479289940829
GGGTCCGACGGGCGACTCCTCCGCGGGTAC	0.745562130177515
GATATGAGCCGCGGGCGCGGTGGATGGAGC	0.739644970414201
CTCCTGCTCCATCCACCGCGCCCGCGGCTC	0.733727810650888
TGGAAGTCGGCTACGTGGACGACACGGAGT	0.727810650887574
TCCCGGCCCGGTACTCACCCGCGCGGGTCT	0.721893491124261
TCAGGTGATCTCTGGCTGTGAAGTGGGGTC	0.715976331360947
TCAGGCAGCCCCTGATGGTACACATGGCAT	0.710059171597633
GAGCAGAGTTTCCGAGTGGACCTGAGGACC	0.70414201183432
AGAGAGACTCAGGGCCTACCTGGAGGGCAC	0.698224852071006
TTCAGGTGATCTCTGGCTGTGAAGTGGGGT	0.692307692307692
CACCAAACACAAGTGGGAGCAGGCTGGTGA	0.686390532544379
GCTCCAGTGACTATTGCAGCTCCAAGGACA	0.680473372781065
TACCGTGCACGCTGCTCCTGCTGTTGGCGG	0.674556213017751
GGTACCCGCGGAGGAGTCGCCCGTCGGACC	0.668639053254438
AAACGTGGACGGCGGCGGACATGGCGGCGC	0.662721893491124
GGGCGATGTAATCGCAGCCGTCGTAGGCGT	0.656804733727811
AGAAGCCCAGGGCCCAGCACCTCAGGGTGA	0.650887573964497
CGGAGAATCCGAGATATGAGCCGCGGGCGC	0.644970414201183
CAGGCTGGTGAAGCAGAGAGACTCAGGGCC	0.63905325443787
TTACACATGCCATGTGTACCATCAGGGGCT	0.633136094674556
GGGGTCCGACGGGCGACTCCTCCGCGGGTA	0.627218934911243
GGAGCCAGGGCGGCCGCCAACAGCAGGAGC	0.621301775147929
AAGATAAAGTCACCCTGAGGTGCTGGGCCC	0.615384615384615
GACCGTTGCTGTTCTGGTTGTCCTTGGAGC	0.609467455621302
CTTTATCTTCAGGTCTGCTGTGATGGGTCA	0.603550295857988
GTGGCTCCGCAGATACCTGAAGAACGGGAA	0.597633136094674
TACCTGGAGGGCACGTGCGTGGAGTGGCTC	0.591715976331361
CTCCAAGGACAACCAGAACAGCAACGGTCG	0.585798816568047
TACACATGCCATGTGTACCATCAGGGGCTG	0.579881656804734
CGTGCACGCTGCTCCTGCTGTTGGCGGCCG	0.57396449704142
CCGGCCTCGGGGAGCCCCGGTACATGGAAG	0.568047337278107
CTGCAATAGTCACTGGAGCTGTGGTGGCTT	0.562130177514793
GAAGATAAAGTCACCCTGAGGTGCTGGGCC	0.556213017751479
TTGCTCTGGTTGTAGTAGCCGAGCAGGGTC	0.550295857988166
AGTTGAATGGGGAGGAGCTGATCCAGGACA	0.544378698224852
GCCCTGAACGAAGACCTGAAAACGTGGACG	0.538461538461538
GGAGCGGGAGACACAGAAAGCCAAGGGCAA	0.532544378698225
AATCCGAGATATGAGCCGCGGGCGCGGTGG	0.526627218934911
CGGGAACGCGACGCTGCTGCGCACAGGTGC	0.520710059171598
CCGCCGTGTCCCGGCCCGGCCTCGGGGAGC	0.514792899408284
AGCCACTCCACGCACGTGCCCTCCAGGTAG	0.50887573964497
TCGCAGCCGTCGTAGGCGTACTGCTGGTAC	0.502958579881657
TTTCGTCACCGCCGTGTCCCGGCCCGGCCT	0.497041420118343
CCGCCCCCAGGCCCACACTCGCTGAGGTAT	0.49112426035503
GTACTCACCCGCGCGGGTCTGAGTCGGAGC	0.485207100591716
ACTCCACGCACGTGCCCTCCAGGTAGGCCC	0.479289940828402
CGGGCGCGGTGGATGGAGCAGGAGGGGCCC	0.473372781065089
TGAAAACGTGGACGGCGGCGGACATGGCGG	0.467455621301775
TCAGGTCTGCTGTGATGGGTCACATGGGCC	0.461538461538462
GAGCTGCAATAGTCACTGGAGCTGTGGTGG	0.455621301775148
CGCCATGTTGGAGACAGTGGATGGAGGAGG	0.449704142011834
TGTGATGGGTCACATGGGCCTTTGGGGAAT	0.443786982248521
CCTTCCAGAAGTGGGCATCTGTGGTGGTGC	0.437869822485207
CTCTCACACTATTCAGGTGATCTCTGGCTG	0.431952662721894
AGGTATTTCGTCACCGCCGTGTCCCGGCCC	0.42603550295858
CCAGAACAGCAACGGTCGCCATGTTGGAGA	0.420118343195266
GCTCCCCGAGGCCGGGCCGGGACACGGCGG	0.414201183431953
TCACCCTGACCTGGCAGTTGAATGGGGAGG	0.408284023668639
TGTCCTTGGAGCTGCAATAGTCACTGGAGC	0.402366863905325
CAGGTGATCTCTGGCTGTGAAGTGGGGTCC	0.396449704142012
TGGCTCCGCAGATACCTGAAGAACGGGAAC	0.390532544378698
CCATGTACCGGGGCTCCCCGAGGCCGGGCC	0.384615384615385
TGCTCCTGCTGTTGGCGGCCGCCCTGGCTC	0.378698224852071
TTGTAGTAGCCGAGCAGGGTCCTCAGGTCC	0.372781065088757
GGTCGCCATGTTGGAGACAGTGGATGGAGG	0.366863905325444
TGCCAGGTCAGGGTGATGTCAGCAGGGTAG	0.36094674556213
AAGACCTGAAAACGTGGACGGCGGCGGACA	0.355029585798817
ACGAAGACCTGAAAACGTGGACGGCGGCGG	0.349112426035503
GGTGACGAAATACCTCAGCGAGTGTGGGCC	0.343195266272189
CTCTGGCTGTGAAGTGGGGTCCGACGGGCG	0.337278106508876
CCTCCCCATTCAACTGCCAGGTCAGGGTGA	0.331360946745562
ACTTTATCTTCAGGTCTGCTGTGATGGGTC	0.325443786982248
AGTTCGTGCGCTTCGACAGCGACGCGGAGA	0.319526627218935
CCACCGCGCCCGCGGCTCATATCTCGGATT	0.313609467455621
CATCTGTGGTGGTGCCTCTTGGGAAGGAGC	0.307692307692308
AGCTGATCCAGGACATGGAGCTTGTGGAGA	0.301775147928994
CTCCTCCATCCACTGTCTCCAACATGGCGA	0.29585798816568
CAACGGTCGCCATGTTGGAGACAGTGGATG	0.289940828402367
ATTACACATGCCATGTGTACCATCAGGGGC	0.284023668639053
CATCACCCTGACCTGGCAGTTGAATGGGGA	0.27810650887574
GAGACAGTGGATGGAGGAGGCTCTGGGAAG	0.272189349112426
GAACCTTCCAGAAGTGGGCATCTGTGGTGG	0.266272189349112
GCCTGAGCCCCTCACCCTGAGATGGGGTAA	0.260355029585799
CTCCTTACCCCATCTCAGGGTGAGGGGCTC	0.254437869822485
ATCACCCTGACCTGGCAGTTGAATGGGGAG	0.248520710059172
GAGCTTGTGGAGACCAGGCCTGCAGGGGAT	0.242603550295858
TGGAGCAGGAGGGGCCCGAGTATTGGGAGC	0.236686390532544
CATGTTGGAGACAGTGGATGGAGGAGGCTC	0.230769230769231
GCACCTCAGGGTGACTTTATCTTCAGGTCT	0.224852071005917
TCAGCTCCTCCCCATTCAACTGCCAGGTCA	0.218934911242604
TAGAAGCCCAGGGCCCAGCACCTCAGGGTG	0.21301775147929
GCTCGGCTACTACAACCAGAGCAAGGGCGG	0.207100591715976
GGAGCTTGTGGAGACCAGGCCTGCAGGGGA	0.201183431952663
CTGGTCTCCACAAGCTCCATGTCCTGGATC	0.195266272189349
TCCTCCCCATTCAACTGCCAGGTCAGGGTG	0.189349112426036
CCCGCGCGGGTCTGAGTCGGAGCCAGGGCG	0.183431952662722
TGTGGAGACCAGGCCTGCAGGGGATGGAAC	0.177514792899408
CTGTGATGGGTCACATGGGCCTTTGGGGAA	0.171597633136095
CTCTCCTTACCCCATCTCAGGGTGAGGGGC	0.165680473372781
GATGAAGATGAGAAGGAGAAACACAGGTAG	0.159763313609468
AGTCACCCTGAGGTGCTGGGCCCTGGGCTT	0.153846153846154
AGCAGCGTCGCGTTCCCGTTCTTCAGGTAT	0.14792899408284
TGCCTGAGCCCCTCACCCTGAGATGGGGTA	0.142011834319527
TCTCCTTACCCCATCTCAGGGTGAGGGGCT	0.136094674556213
CTGCCTGAGCCCCTCACCCTGAGATGGGGT	0.130177514792899
CTGCCAGGTCAGGGTGATGTCAGCAGGGTA	0.124260355029586
CCCACACTCTCCTTACCCCATCTCAGGGTG	0.118343195266272
ACCCCATCTCAGGGTGAGGGGCTCAGGCAG	0.112426035502959
GGCACCACCACAGATGCCCACTTCTGGAAG	0.106508875739645
TGATGTCAGCAGGGTAGAAGCCCAGGGCCC	0.100591715976331
CATGTACCGGGGCTCCCCGAGGCCGGGCCG	0.094674556213018
CTTCTGGAAGGTTCCATCCCCTGCAGGCCT	0.088757396449704
GTCCCGCAGGCTCTCACACTATTCAGGTGA	0.082840236686391
GAAATACCTCAGCGAGTGTGGGCCTGGGGG	0.076923076923077
TGGGCATCTGTGGTGGTGCCTCTTGGGAAG	0.071005917159763
ACCGCCGTGTCCCGGCCCGGCCTCGGGGAG	0.06508875739645
AAGTCACCCTGAGGTGCTGGGCCCTGGGCT	0.059171597633136
AAATACCTCAGCGAGTGTGGGCCTGGGGGC	0.053254437869823
ACCGGGGCTCCCCGAGGCCGGGCCGGGACA	0.047337278106509
CAGGACATGGAGCTTGTGGAGACCAGGCCT	0.041420118343195
GGAAGGTTCCATCCCCTGCAGGCCTGGTCT	0.035502958579882
CCAACATGGCGACCGTTGCTGTTCTGGTTG	0.029585798816568
GGAGACAGTGGATGGAGGAGGCTCTGGGAA	0.023668639053255
GTGGGCATCTGTGGTGGTGCCTCTTGGGAA	0.017751479289941
GCTGTGATGGGTCACATGGGCCTTTGGGGA	0.011834319526627
GTGAGGGGCTCAGGCAGCCCCTGATGGTAC	0.005917159763314
CACCGCCGTGTCCCGGCCCGGCCTCGGGGA	0
CCTTGATATAGGGCTGGTTGGAGAGGGTGA	0.983870967741936
CATCCTTGGTGGTGAAGTTGGCTAGGGTAA	0.967741935483871
GGTACGTGTGCTCGGGTATCCCAAGGGTGC	0.951612903225807
TTCTCATGGCGGCAGTCCAGGCGAAGGTTT	0.935483870967742
TTGGTGGTGAAGTTGGCTAGGGTAAGGACC	0.919354838709677
TTACCCTAGCCAACTTCACCACCAAGGATG	0.903225806451613
CACAGACAAGCTGGTCAAGTGTGGCGGCAT	0.887096774193549
TTATCCTTGGTGTTATTCTCATGGCGGCAG	0.870967741935484
AGCCAACTTCACCACCAAGGATGAGGGCGA	0.854838709677419
AGGGCTGGTTGGAGAGGGTGACGCGGGAGC	0.838709677419355
TGTGCCAGTCTTGCAGGTGTCCCGAGGGCA	0.82258064516129
TCTCGGGTCAGGCTGAACTCATGCTGGATG	0.806451612903226
GTGCCAGTCTTGCAGGTGTCCCGAGGGCAG	0.790322580645161
AGGTGACCAGCCTGACAGCCTGCCTGGTGA	0.774193548387097
TAGCCAACTTCACCACCAAGGATGAGGGCG	0.758064516129032
ATCCAGGATGTGTTCTGAACCAGCAGGCTT	0.741935483870968
ACTGCCGCCATGAGAATAACACCAAGGATA	0.725806451612903
GAGTTCAGCCTGACCCGAGAGAAGAGGAAG	0.709677419354839
GGCTAGGGTAAGGACCTTGATATAGGGCTG	0.693548387096774
TCTTGCAGGTGTCCCGAGGGCAGAAGGTGA	0.67741935483871
CAATAAAAGTATCAGTGTGTATAGAGGTGA	0.661290322580645
TCATCCTTGGTGGTGAAGTTGGCTAGGGTA	0.645161290322581
ACCTTGATATAGGGCTGGTTGGAGAGGGTG	0.629032258064516
ATCCACAGACAAGCTGGTCAAGTGTGGCGG	0.612903225806452
CACAAAAGTAGTCGCCCTCATCCTTGGTGG	0.596774193548387
GACCCTTGCCCAGTACCTGAGAGCAGGAGA	0.580645161290323
ACGTGCTTCCTCTTCTCTCGGGTCAGGCTG	0.564516129032258
TGGCTAGGGTAAGGACCTTGATATAGGGCT	0.548387096774194
AAAAGTAGTCGCCCTCATCCTTGGTGGTGA	0.532258064516129
AGCAGGAGAGCGACGCTGATGGCTGGGTTC	0.516129032258065
TCAGGCTGGTCACCTTCTGCCCTCGGGACA	0.5
AGGGTAAGGACCTTGATATAGGGCTGGTTG	0.483870967741936
TCAAGTGTGGCGGCATAAGCCTGCTGGTTC	0.467741935483871
CCCCTTCTCTATCCACAGACAAGCTGGTCA	0.451612903225807
GACGCGGGAGCGGTACGTGTGCTCGGGTAT	0.435483870967742
GAGTTATCCTTGGTGTTATTCTCATGGCGG	0.419354838709677
CGGTACGTGTGCTCGGGTATCCCAAGGGTG	0.403225806451613
GTGTTATTCTCATGGCGGCAGTCCAGGCGA	0.387096774193548
AAGCACGTGCTCTCAGGCACCCTTGGGATA	0.370967741935484
CTGCCCTCGGGACACCTGCAAGACTGGCAC	0.354838709677419
CTGAGAGCAGGAGAGCGACGCTGATGGCTG	0.338709677419355
GGGTCAGGCTGAACTCATGCTGGATGGAGT	0.32258064516129
CGCCCTCATCCTTGGTGGTGAAGTTGGCTA	0.306451612903226
AGAGCACGTGCTTCCTCTTCTCTCGGGTCA	0.290322580645161
GGTTCACCAGGCAGGCTGTCAGGCTGGTCA	0.274193548387097
CCCTCTCCAACCAGCCCTATATCAAGGTCC	0.258064516129032
TAAGGACCTTGATATAGGGCTGGTTGGAGA	0.241935483870968
ACTCATGCTGGATGGAGTTATCCTTGGTGT	0.225806451612903
GAAGCACGTGCTCTCAGGCACCCTTGGGAT	0.209677419354839
AGAGAAGAGGAAGCACGTGCTCTCAGGCAC	0.193548387096774
TGGTTGGAGAGGGTGACGCGGGAGCGGTAC	0.17741935483871
TGGCGGCAGTCCAGGCGAAGGTTTTGGTTC	0.161290322580645
GCCTGGTGAACCAAAACCTTCGCCTGGACT	0.145161290322581
TAGGGCTGGTTGGAGAGGGTGACGCGGGAG	0.129032258064516
CATCAGCGTCGCTCTCCTGCTCTCAGGTAC	0.112903225806452
GAGCGACGCTGATGGCTGGGTTCATGGTGC	0.096774193548387
TTTTGGTTCACCAGGCAGGCTGTCAGGCTG	0.080645161290323
TGACGCGGGAGCGGTACGTGTGCTCGGGTA	0.064516129032258
GTCAGGCTGGTCACCTTCTGCCCTCGGGAC	0.048387096774194
GAGCAGGAGAGCGACGCTGATGGCTGGGTT	0.032258064516129
GAGAGCACGTGCTTCCTCTTCTCTCGGGTC	0.016129032258065
AAGGCACTGCTGTGCCAGTCTTGCAGGTGT	0
